{
  "type": "FeatureCollection",
  "features": [
    {
      "type": "Feature",
      "geometry": {
        "type": "Point",
        "coordinates": [
          -2.2730491615965187,
          53.002638218348714
        ]
      },
      "properties": {
        "source_sheet": "cherries",
        "tag": 4001,
        "square": "L7",
        "species": "Flowering Cherry",
        "latin_name": "Prunus litigiosa",
        "planted": 2002,
        "memorial_commemorative": "Commemoration - Dave Emley retirement",
        "source": "Witch Hazel Nursery, Kent",
        "easting": 381773.4,
        "northing": 345070.5
      }
    },
    {
      "type": "Feature",
      "geometry": {
        "type": "Point",
        "coordinates": [
          -2.272958230684796,
          53.002633033782736
        ]
      },
      "properties": {
        "source_sheet": "cherries",
        "tag": 4002,
        "square": "L7",
        "species": "Flowering Cherry",
        "latin_name": "Prunus 'Pink Perfection'",
        "planted": 2002,
        "source": "Witch Hazel Nursery, Kent",
        "easting": 381779.5,
        "northing": 345069.9
      }
    },
    {
      "type": "Feature",
      "geometry": {
        "type": "Point",
        "coordinates": [
          -2.2728806824361465,
          53.002623323816024
        ]
      },
      "properties": {
        "source_sheet": "cherries",
        "tag": 4003,
        "square": "L7",
        "species": "Flowering Cherry",
        "latin_name": "Prunus x subhirtella 'Autumnalis Rosea'",
        "planted": 2002,
        "source": "Witch Hazel Nursery, Kent",
        "easting": 381784.7,
        "northing": 345068.8
      }
    },
    {
      "type": "Feature",
      "geometry": {
        "type": "Point",
        "coordinates": [
          -2.272801717844945,
          53.00262530299593
        ]
      },
      "properties": {
        "source_sheet": "cherries",
        "tag": 4004,
        "square": "L7",
        "species": "Flowering Cherry",
        "latin_name": "Prunus x incam 'Okame'",
        "planted": 2002,
        "source": "Witch Hazel Nursery, Kent",
        "easting": 381790.0,
        "northing": 345069.0
      }
    },
    {
      "type": "Feature",
      "geometry": {
        "type": "Point",
        "coordinates": [
          -2.2726585820530425,
          53.00261214779102
        ]
      },
      "properties": {
        "source_sheet": "cherries",
        "tag": 4005,
        "square": "L7",
        "species": "Flowering Cherry",
        "latin_name": "Prunus 'Accolade'",
        "planted": 2002,
        "memorial_commemorative": "memorial - Prof. Fumiko Yonezawa",
        "source": "Witch Hazel Nursery, Kent",
        "easting": 381799.6,
        "northing": 345067.5
      }
    },
    {
      "type": "Feature",
      "geometry": {
        "type": "Point",
        "coordinates": [
          -2.272551237349173,
          53.0026034049065
        ]
      },
      "properties": {
        "source_sheet": "cherries",
        "text_needed": "X",
        "tag": 4006,
        "square": "L7",
        "species": "Flowering Cherry",
        "latin_name": "Prunus x yedoensis 'Shidare-yoshino'",
        "planted": 2002,
        "source": "Witch Hazel Nursery, Kent",
        "easting": 381806.8,
        "northing": 345066.5
      }
    },
    {
      "type": "Feature",
      "geometry": {
        "type": "Point",
        "coordinates": [
          -2.272413155940193,
          53.00244641079476
        ]
      },
      "properties": {
        "source_sheet": "cherries",
        "tag": 4007,
        "square": "M7",
        "species": "Flowering Cherry",
        "latin_name": "Prunus incisa 'Yamadei'",
        "planted": 2002,
        "source": "Witch Hazel Nursery, Kent",
        "easting": 381816.0,
        "northing": 345049.0
      }
    },
    {
      "type": "Feature",
      "geometry": {
        "type": "Point",
        "coordinates": [
          -2.272410470241898,
          53.002493160733486
        ]
      },
      "properties": {
        "source_sheet": "cherries",
        "tag": 4008,
        "square": "M7",
        "species": "Flowering Cherry",
        "latin_name": "Prunus rufa",
        "planted": 2002,
        "source": "Witch Hazel Nursery, Kent",
        "easting": 381816.2,
        "northing": 345054.2
      }
    },
    {
      "type": "Feature",
      "geometry": {
        "type": "Point",
        "coordinates": [
          -2.2723678687105795,
          53.00259034164166
        ]
      },
      "properties": {
        "source_sheet": "cherries",
        "tag": 4010,
        "square": "M7",
        "species": "Flowering Cherry",
        "latin_name": "Prunus incisa 'Pendula'",
        "planted": 2002,
        "source": "Witch Hazel Nursery, Kent",
        "easting": 381819.1,
        "northing": 345065.0
      }
    },
    {
      "type": "Feature",
      "geometry": {
        "type": "Point",
        "coordinates": [
          -2.272259050989803,
          53.0025842986269
        ]
      },
      "properties": {
        "source_sheet": "cherries",
        "tag": 4011,
        "square": "M7",
        "species": "Flowering Cherry",
        "latin_name": "Prunus itosakura 'Pendula Rubra'",
        "planted": 2002,
        "synonymy_old_names": "syn. Prunus spachiana Pendula Rubra",
        "source": "Witch Hazel Nursery, Kent",
        "easting": 381826.4,
        "northing": 345064.3
      }
    },
    {
      "type": "Feature",
      "geometry": {
        "type": "Point",
        "coordinates": [
          -2.272162193793284,
          53.00258452054599
        ]
      },
      "properties": {
        "source_sheet": "cherries",
        "tag": 4012,
        "square": "M7",
        "species": "Flowering Cherry",
        "latin_name": "Prunus x yedoensis 'Somei-yoshino'",
        "planted": 2002,
        "source": "Witch Hazel Nursery, Kent",
        "easting": 381832.9,
        "northing": 345064.3
      }
    },
    {
      "type": "Feature",
      "geometry": {
        "type": "Point",
        "coordinates": [
          -2.272005709544074,
          53.00258128324049
        ]
      },
      "properties": {
        "source_sheet": "cherries",
        "tag": 4013,
        "square": "M7",
        "species": "Flowering Cherry",
        "latin_name": "Prunus 'Royal Burgundy'",
        "planted": 2002,
        "source": "Witch Hazel Nursery, Kent",
        "easting": 381843.4,
        "northing": 345063.9
      }
    },
    {
      "type": "Feature",
      "geometry": {
        "type": "Point",
        "coordinates": [
          -2.2727752480179926,
          53.002681186632074
        ]
      },
      "properties": {
        "source_sheet": "cherries",
        "tag": 4014,
        "square": "L7",
        "species": "Flowering Cherry",
        "latin_name": "Prunus x subhirtella 'Autumnalis Rosea'",
        "planted": 2002,
        "source": "Witch Hazel Nursery, Kent",
        "easting": 381791.8,
        "northing": 345075.21
      }
    },
    {
      "type": "Feature",
      "geometry": {
        "type": "Point",
        "coordinates": [
          -2.272565016703866,
          53.00266180301947
        ]
      },
      "properties": {
        "source_sheet": "cherries",
        "tag": 4016,
        "square": "L7",
        "species": "Flowering Cherry",
        "latin_name": "Prunus serrula",
        "planted": 2002,
        "source": "Witch Hazel Nursery, Kent",
        "easting": 381805.9,
        "northing": 345073.0
      }
    },
    {
      "type": "Feature",
      "geometry": {
        "type": "Point",
        "coordinates": [
          -2.272603756455336,
          53.00275574104663
        ]
      },
      "properties": {
        "source_sheet": "cherries",
        "tag": 4017,
        "square": "L7",
        "species": "Flowering Cherry",
        "latin_name": "Prunus sargentii",
        "planted": 2002,
        "source": "Witch Hazel Nursery, Kent",
        "easting": 381803.34,
        "northing": 345083.46
      }
    },
    {
      "type": "Feature",
      "geometry": {
        "type": "Point",
        "coordinates": [
          -2.272471179218246,
          53.00266831069407
        ]
      },
      "properties": {
        "source_sheet": "cherries",
        "tag": 4019,
        "square": "M7",
        "species": "Flowering Cherry",
        "latin_name": "Prunus 'Fugenzo' (Shirofugen, Albo-rosea)",
        "planted": 2002,
        "comments": "Sato-zakura Group",
        "source": "Witch Hazel Nursery, Kent",
        "easting": 381812.2,
        "northing": 345073.7
      }
    },
    {
      "type": "Feature",
      "geometry": {
        "type": "Point",
        "coordinates": [
          -2.272386067183114,
          53.002640639374754
        ]
      },
      "properties": {
        "source_sheet": "cherries",
        "tag": 4020,
        "square": "M7",
        "species": "Flowering Cherry",
        "latin_name": "Prunus 'Ariake'",
        "planted": 2008,
        "comments": "Sato-zakura Group",
        "memorial_commemorative": "Memorial - Dawn Smith possibly wrong ID",
        "source": "Witch Hazel Nursery, Kent",
        "easting": 381817.9,
        "northing": 345070.6
      }
    },
    {
      "type": "Feature",
      "geometry": {
        "type": "Point",
        "coordinates": [
          -2.2740812312897214,
          53.002823772140296
        ]
      },
      "properties": {
        "source_sheet": "cherries",
        "tag": 4021,
        "square": "K6",
        "species": "Flowering Cherry",
        "latin_name": "Prunus 'Umineko'",
        "planted": 1998,
        "w3w": "holly.chairs.lied",
        "source": "Witch Hazel Nursery, Kent",
        "easting": 381704.21875,
        "northing": 345091.40625
      }
    },
    {
      "type": "Feature",
      "geometry": {
        "type": "Point",
        "coordinates": [
          -2.2742021357314384,
          53.0030173225339
        ]
      },
      "properties": {
        "source_sheet": "cherries",
        "tag": 4024,
        "square": "K6",
        "species": "Flowering Cherry",
        "latin_name": "Prunus 'Umineko'",
        "planted": 1998,
        "w3w": "weep.glad.switch",
        "source": "Witch Hazel Nursery, Kent",
        "easting": 381696.1875,
        "northing": 345112.96875
      }
    },
    {
      "type": "Feature",
      "geometry": {
        "type": "Point",
        "coordinates": [
          -2.273042009141661,
          53.002921394216635
        ]
      },
      "properties": {
        "source_sheet": "cherries",
        "tag": 4025,
        "square": "L7",
        "species": "Flowering Cherry",
        "latin_name": "Prunus x yedoensis 'Ivensii'",
        "planted": 2002,
        "source": "Witch Hazel Nursery, Kent",
        "easting": 381774.0,
        "northing": 345102.0
      }
    },
    {
      "type": "Feature",
      "geometry": {
        "type": "Point",
        "coordinates": [
          -2.2729170220567885,
          53.003658884657064
        ]
      },
      "properties": {
        "source_sheet": "cherries",
        "tag": 4028,
        "square": "M6",
        "species": "Flowering Cherry",
        "latin_name": "Prunus incisa 'Praecox'",
        "planted": 2002,
        "source": "Witch Hazel Nursery, Kent",
        "easting": 381782.7,
        "northing": 345184.01
      }
    },
    {
      "type": "Feature",
      "geometry": {
        "type": "Point",
        "coordinates": [
          -2.272767400033544,
          53.00368107198581
        ]
      },
      "properties": {
        "source_sheet": "cherries",
        "tag": 4029,
        "square": "M6",
        "species": "Flowering Cherry",
        "latin_name": "Prunus 'Hata-zakura'",
        "planted": 2002,
        "comments": "Sato-zakura Group",
        "source": "Witch Hazel Nursery, Kent",
        "easting": 381792.75,
        "northing": 345186.44
      }
    },
    {
      "type": "Feature",
      "geometry": {
        "type": "Point",
        "coordinates": [
          -2.2724434441658956,
          53.00358760862231
        ]
      },
      "properties": {
        "source_sheet": "cherries",
        "tag": 4030,
        "square": "M6",
        "species": "Flowering Cherry",
        "latin_name": "Prunus 'Ichiyo'",
        "planted": 1998,
        "comments": "Sato-zakura Group",
        "memorial_commemorative": "Donation - Community Schools Open day",
        "source": "unknown",
        "easting": 381814.45,
        "northing": 345175.96
      }
    },
    {
      "type": "Feature",
      "geometry": {
        "type": "Point",
        "coordinates": [
          -2.27264118446229,
          53.003681361691505
        ]
      },
      "properties": {
        "source_sheet": "cherries",
        "tag": 4031,
        "square": "M6",
        "species": "Flowering Cherry",
        "latin_name": "Prunus 'The Bride'",
        "planted": 2002,
        "source": "Witch Hazel Nursery, Kent",
        "easting": 381801.22,
        "northing": 345186.44
      }
    },
    {
      "type": "Feature",
      "geometry": {
        "type": "Point",
        "coordinates": [
          -2.2738370256849443,
          53.00205480449787
        ]
      },
      "properties": {
        "source_sheet": "cherries",
        "tag": 4032,
        "square": "L8",
        "species": "Flowering Cherry",
        "latin_name": "Prunus 'Hillieri'",
        "planted": 2008,
        "source": "Witch Hazel Nursery, Kent",
        "easting": 381720.28,
        "northing": 345005.8
      }
    },
    {
      "type": "Feature",
      "geometry": {
        "type": "Point",
        "coordinates": [
          -2.27444333562108,
          53.0011365080611
        ]
      },
      "properties": {
        "source_sheet": "cherries",
        "tag": 4033,
        "square": "K9",
        "species": "Flowering Cherry",
        "latin_name": "Prunus 'Kiku-zakura'",
        "planted": 2008,
        "comments": "Sato-zakura Group",
        "source": "Witch Hazel Nursery, Kent",
        "easting": 381679.2,
        "northing": 344903.8
      }
    },
    {
      "type": "Feature",
      "geometry": {
        "type": "Point",
        "coordinates": [
          -2.274802651599654,
          53.001168937502676
        ]
      },
      "properties": {
        "source_sheet": "cherries",
        "tag": 4034,
        "square": "K9",
        "species": "Flowering Cherry",
        "latin_name": "Prunus 'John Baggeson'",
        "planted": 2008,
        "source": "Witch Hazel Nursery, Kent",
        "easting": 381655.1,
        "northing": 344907.5
      }
    },
    {
      "type": "Feature",
      "geometry": {
        "type": "Point",
        "coordinates": [
          -2.2750634181036813,
          53.001169232975585
        ]
      },
      "properties": {
        "source_sheet": "cherries",
        "tag": 4035,
        "square": "K9",
        "species": "Flowering Cherry",
        "latin_name": "Prunus 'Matsumae-yae-kotobuki'",
        "planted": 2008,
        "comments": "Sato-zakura Group",
        "source": "Witch Hazel Nursery, Kent",
        "easting": 381637.6,
        "northing": 344907.6
      }
    },
    {
      "type": "Feature",
      "geometry": {
        "type": "Point",
        "coordinates": [
          -2.274377277922415,
          53.0008238367806
        ]
      },
      "properties": {
        "source_sheet": "cherries",
        "tag": 4038,
        "square": "K9",
        "species": "Flowering Cherry",
        "latin_name": "Prunus 'Accolade' (ex Miss Baring)",
        "planted": 2008,
        "source": "Witch Hazel Nursery, Kent",
        "easting": 381683.5,
        "northing": 344869.0
      }
    },
    {
      "type": "Feature",
      "geometry": {
        "type": "Point",
        "coordinates": [
          -2.2744944801753006,
          53.00088379363193
        ]
      },
      "properties": {
        "source_sheet": "cherries",
        "tag": 4039,
        "square": "K9",
        "species": "Flowering Cherry",
        "latin_name": "Prunus 'Benden'",
        "planted": 2008,
        "comments": "Sato-zakura Group",
        "source": "Witch Hazel Nursery, Kent",
        "easting": 381675.66,
        "northing": 344875.7
      }
    },
    {
      "type": "Feature",
      "geometry": {
        "type": "Point",
        "coordinates": [
          -2.274638744637325,
          53.000934698620654
        ]
      },
      "properties": {
        "source_sheet": "cherries",
        "tag": 4040,
        "square": "K9",
        "species": "Flowering Cherry",
        "latin_name": "Prunus 'Daikoku'",
        "planted": 2008,
        "comments": "Sato-zakura Group",
        "source": "Witch Hazel Nursery, Kent",
        "easting": 381666.0,
        "northing": 344881.4
      }
    },
    {
      "type": "Feature",
      "geometry": {
        "type": "Point",
        "coordinates": [
          -2.2778636834299353,
          53.001926798018154
        ]
      },
      "properties": {
        "source_sheet": "cherries",
        "tag": 4041,
        "square": "I8",
        "species": "Flowering Cherry",
        "latin_name": "Prunus 'Ukon'",
        "planted": 2008,
        "comments": "Sato-zakura Group",
        "synonymy_old_names": "Prunus Gyoiko",
        "source": "Witch Hazel Nursery, Kent",
        "easting": 381450.0,
        "northing": 344992.6
      }
    },
    {
      "type": "Feature",
      "geometry": {
        "type": "Point",
        "coordinates": [
          -2.2778222497846263,
          53.00197184086645
        ]
      },
      "properties": {
        "source_sheet": "cherries",
        "tag": 4042,
        "square": "I8",
        "species": "Flowering Cherry",
        "latin_name": "Prunus 'Kofuku'",
        "planted": 2008,
        "comments": "Sato-zakura Group",
        "synonymy_old_names": "Prunus Matsumae-kofuku",
        "source": "Witch Hazel Nursery, Kent",
        "easting": 381452.8,
        "northing": 344997.6
      }
    },
    {
      "type": "Feature",
      "geometry": {
        "type": "Point",
        "coordinates": [
          -2.2775289157486354,
          53.00200578644183
        ]
      },
      "properties": {
        "source_sheet": "cherries",
        "tag": 4043,
        "square": "I8",
        "species": "Flowering Cherry",
        "latin_name": "Prunus 'Jacqueline'",
        "planted": 2008,
        "source": "Witch Hazel Nursery, Kent",
        "easting": 381472.5,
        "northing": 345001.3
      }
    },
    {
      "type": "Feature",
      "geometry": {
        "type": "Point",
        "coordinates": [
          -2.2774921654142637,
          53.00208407823805
        ]
      },
      "properties": {
        "source_sheet": "cherries",
        "tag": 4044,
        "square": "I8",
        "species": "Flowering Cherry",
        "latin_name": "Prunus 'Hokusai'",
        "planted": 2008,
        "comments": "Sato-zakura Group",
        "synonymy_old_names": "Prunus Kokonoye-zakura",
        "source": "Witch Hazel Nursery, Kent",
        "easting": 381475.0,
        "northing": 345010.0
      }
    },
    {
      "type": "Feature",
      "geometry": {
        "type": "Point",
        "coordinates": [
          -2.2775505444732285,
          53.00212529214723
        ]
      },
      "properties": {
        "source_sheet": "cherries",
        "tag": 4045,
        "square": "I7",
        "species": "Flowering Cherry",
        "latin_name": "Prunus 'Ichihara'",
        "planted": 2008,
        "comments": "Sato-zakura Group",
        "source": "Witch Hazel Nursery, Kent",
        "easting": 381471.1,
        "northing": 345014.6
      }
    },
    {
      "type": "Feature",
      "geometry": {
        "type": "Point",
        "coordinates": [
          -2.2776716866217765,
          53.00219422584798
        ]
      },
      "properties": {
        "source_sheet": "cherries",
        "tag": 4046,
        "square": "I7",
        "species": "Flowering Cherry",
        "latin_name": "Prunus 'Kanzan'",
        "planted": 2008,
        "comments": "Sato-zakura Group",
        "source": "Witch Hazel Nursery, Kent",
        "easting": 381463.0,
        "northing": 345022.3
      }
    },
    {
      "type": "Feature",
      "geometry": {
        "type": "Point",
        "coordinates": [
          -2.277375220827316,
          53.00220480646659
        ]
      },
      "properties": {
        "source_sheet": "cherries",
        "tag": 4047,
        "square": "I7",
        "species": "Flowering Cherry",
        "latin_name": "Prunus x 'Kobuku-zakura'",
        "planted": 2008,
        "source": "Witch Hazel Nursery, Kent",
        "easting": 381482.9,
        "northing": 345023.4
      }
    },
    {
      "type": "Feature",
      "geometry": {
        "type": "Point",
        "coordinates": [
          -2.2772789865065786,
          53.00283643177216
        ]
      },
      "properties": {
        "source_sheet": "cherries",
        "tag": 4048,
        "square": "I7",
        "species": "Flowering Cherry",
        "latin_name": "Prunus 'Matsumae-usu-gasane-somei'",
        "planted": 2008,
        "comments": "Sato-zakura Group",
        "synonymy_old_names": "Prunus Matsumae-beni-somei",
        "source": "Witch Hazel Nursery, Kent",
        "easting": 381489.63,
        "northing": 345093.64
      }
    },
    {
      "type": "Feature",
      "geometry": {
        "type": "Point",
        "coordinates": [
          -2.2782905933169157,
          53.003430589138084
        ]
      },
      "properties": {
        "source_sheet": "cherries",
        "tag": 4049,
        "square": "H6",
        "species": "Flowering Cherry",
        "latin_name": "Prunus 'November Charm'",
        "planted": 2008,
        "source": "Witch Hazel Nursery, Kent",
        "easting": 381422.0,
        "northing": 345160.0
      }
    },
    {
      "type": "Feature",
      "geometry": {
        "type": "Point",
        "coordinates": [
          -2.2781562494666363,
          53.003394946983065
        ]
      },
      "properties": {
        "source_sheet": "cherries",
        "tag": 4050,
        "square": "H6",
        "species": "Flowering Cherry",
        "latin_name": "Prunus 'Okiku-zakura'",
        "planted": 2008,
        "comments": "Sato-zakura Group",
        "source": "Witch Hazel Nursery, Kent",
        "easting": 381431.0,
        "northing": 345156.0
      }
    },
    {
      "type": "Feature",
      "geometry": {
        "type": "Point",
        "coordinates": [
          -2.2777971146593456,
          53.00316206833812
        ]
      },
      "properties": {
        "source_sheet": "cherries",
        "tag": 4051,
        "square": "I6",
        "species": "Flowering Cherry",
        "latin_name": "Prunus 'Shujaku'",
        "planted": 2008,
        "comments": "Sato-zakura Group",
        "source": "Witch Hazel Nursery, Kent",
        "easting": 381455.0,
        "northing": 345130.0
      }
    },
    {
      "type": "Feature",
      "geometry": {
        "type": "Point",
        "coordinates": [
          -2.2780514195166446,
          53.00331428966646
        ]
      },
      "properties": {
        "source_sheet": "cherries",
        "tag": 4052,
        "square": "I6",
        "species": "Flowering Cherry",
        "latin_name": "Prunus 'Pink Ballerina'",
        "planted": 2008,
        "source": "Witch Hazel Nursery, Kent",
        "easting": 381438.0,
        "northing": 345147.0
      }
    },
    {
      "type": "Feature",
      "geometry": {
        "type": "Point",
        "coordinates": [
          -2.27689929455393,
          53.0025798669183
        ]
      },
      "properties": {
        "source_sheet": "cherries",
        "tag": 4053,
        "square": "J7",
        "species": "Flowering Cherry",
        "latin_name": "Prunus speciosa",
        "planted": 2008,
        "source": "Witch Hazel Nursery, Kent",
        "easting": 381515.0,
        "northing": 345065.0
      }
    },
    {
      "type": "Feature",
      "geometry": {
        "type": "Point",
        "coordinates": [
          -2.276935529327986,
          53.002653493815416
        ]
      },
      "properties": {
        "source_sheet": "cherries",
        "tag": 4054,
        "square": "J7",
        "species": "Flowering Cherry",
        "latin_name": "Prunus 'Ichiyo'",
        "planted": 2008,
        "comments": "Sato-zakura Group",
        "source": "Witch Hazel Nursery, Kent",
        "easting": 381512.6,
        "northing": 345073.2
      }
    },
    {
      "type": "Feature",
      "geometry": {
        "type": "Point",
        "coordinates": [
          -2.276765702534293,
          53.00266108089969
        ]
      },
      "properties": {
        "source_sheet": "cherries",
        "tag": 4055,
        "square": "J7",
        "species": "Flowering Cherry",
        "latin_name": "Prunus 'Shirayukihime'",
        "planted": 2008,
        "comments": "Sato-zakura Group",
        "synonymy_old_names": "Prunus Matsumae-shiray-ukihime",
        "source": "Witch Hazel Nursery, Kent",
        "easting": 381524.0,
        "northing": 345074.0
      }
    },
    {
      "type": "Feature",
      "geometry": {
        "type": "Point",
        "coordinates": [
          -2.277303526815385,
          53.00287556736128
        ]
      },
      "properties": {
        "source_sheet": "cherries",
        "tag": 4056,
        "square": "I7",
        "species": "Flowering Cherry",
        "latin_name": "Prunus 'Pink Giant'",
        "planted": 2008,
        "source": "Witch Hazel Nursery, Kent",
        "easting": 381488.0,
        "northing": 345098.0
      }
    },
    {
      "type": "Feature",
      "geometry": {
        "type": "Point",
        "coordinates": [
          -2.2775631586561,
          53.00302247368289
        ]
      },
      "properties": {
        "source_sheet": "cherries",
        "tag": 4058,
        "square": "I6",
        "species": "Flowering Cherry",
        "latin_name": "Prunus 'Kalmthout Beauty'",
        "planted": 2008,
        "synonymy_old_names": "Prunus Sweetheart",
        "source": "Witch Hazel Nursery, Kent",
        "easting": 381470.64,
        "northing": 345114.41
      }
    },
    {
      "type": "Feature",
      "geometry": {
        "type": "Point",
        "coordinates": [
          -2.277473251207747,
          53.00299122152959
        ]
      },
      "properties": {
        "source_sheet": "cherries",
        "tag": 4059,
        "square": "I7",
        "species": "Flowering Cherry",
        "latin_name": "Prunus 'Snow Goose'",
        "planted": 2008,
        "source": "Witch Hazel Nursery, Kent",
        "easting": 381476.66,
        "northing": 345110.91
      }
    },
    {
      "type": "Feature",
      "geometry": {
        "type": "Point",
        "coordinates": [
          -2.277301524028498,
          53.002958272573956
        ]
      },
      "properties": {
        "source_sheet": "cherries",
        "tag": 4060,
        "square": "I6",
        "species": "Flowering Cherry",
        "latin_name": "Prunus 'Oshokun'",
        "planted": 2008,
        "comments": "Sato-zakura Group",
        "source": "Witch Hazel Nursery, Kent",
        "easting": 381488.17,
        "northing": 345107.2
      }
    },
    {
      "type": "Feature",
      "geometry": {
        "type": "Point",
        "coordinates": [
          -2.2771934666702833,
          53.0030245952683
        ]
      },
      "properties": {
        "source_sheet": "cherries",
        "tag": 4061,
        "square": "I7",
        "species": "Flowering Cherry",
        "latin_name": "Prunus 'Botan-zakura'",
        "planted": 2008,
        "comments": "Sato-zakura Group",
        "source": "Witch Hazel Nursery, Kent",
        "easting": 381495.45,
        "northing": 345114.55
      }
    },
    {
      "type": "Feature",
      "geometry": {
        "type": "Point",
        "coordinates": [
          -2.2772339556990078,
          53.003041130796056
        ]
      },
      "properties": {
        "source_sheet": "cherries",
        "tag": 4062,
        "square": "I6",
        "species": "Flowering Cherry",
        "latin_name": "Prunus 'Amanda'",
        "planted": 2008,
        "synonymy_old_names": "Prunus Ariadne",
        "source": "Witch Hazel Nursery, Kent",
        "easting": 381492.74,
        "northing": 345116.4
      }
    },
    {
      "type": "Feature",
      "geometry": {
        "type": "Point",
        "coordinates": [
          -2.277118917623089,
          53.00306459128042
        ]
      },
      "properties": {
        "source_sheet": "cherries",
        "tag": 4063,
        "square": "J6",
        "species": "Flowering Cherry",
        "latin_name": "Prunus 'Oshokun'",
        "planted": 2008,
        "comments": "Sato-zakura Group",
        "source": "Witch Hazel Nursery, Kent",
        "easting": 381500.47,
        "northing": 345118.98
      }
    },
    {
      "type": "Feature",
      "geometry": {
        "type": "Point",
        "coordinates": [
          -2.277098494652493,
          53.00310985453326
        ]
      },
      "properties": {
        "source_sheet": "cherries",
        "tag": 4064,
        "square": "J6",
        "species": "Flowering Cherry",
        "latin_name": "Prunus 'Matsumae-sasame-yuki'",
        "planted": 2008,
        "comments": "Sato-zakura Group",
        "source": "Witch Hazel Nursery, Kent",
        "easting": 381501.86,
        "northing": 345124.01
      }
    },
    {
      "type": "Feature",
      "geometry": {
        "type": "Point",
        "coordinates": [
          -2.277071109506323,
          53.00316160623432
        ]
      },
      "properties": {
        "source_sheet": "cherries",
        "tag": 4065,
        "square": "J6",
        "species": "Flowering Cherry",
        "latin_name": "Prunus 'Kofugen' (Fugenzo misapplied)",
        "planted": 2008,
        "comments": "Sato-zakura Group",
        "source": "Witch Hazel Nursery, Kent",
        "easting": 381503.72,
        "northing": 345129.76
      }
    },
    {
      "type": "Feature",
      "geometry": {
        "type": "Point",
        "coordinates": [
          -2.278364347884341,
          53.00331355690951
        ]
      },
      "properties": {
        "source_sheet": "cherries",
        "tag": 4066,
        "square": "I6",
        "species": "Flowering Cherry",
        "latin_name": "Prunus 'Wadae'",
        "planted": 2008,
        "source": "Witch Hazel Nursery, Kent",
        "easting": 381417.0,
        "northing": 345147.0
      }
    },
    {
      "type": "Feature",
      "geometry": {
        "type": "Point",
        "coordinates": [
          -2.278573198464959,
          53.003349024158496
        ]
      },
      "properties": {
        "source_sheet": "cherries",
        "tag": 4068,
        "square": "H6",
        "species": "Flowering Cherry",
        "latin_name": "Prunus 'Washi-no-o'",
        "planted": 2008,
        "comments": "Sato-zakura Group",
        "source": "Witch Hazel Nursery, Kent",
        "easting": 381403.0,
        "northing": 345151.0
      }
    },
    {
      "type": "Feature",
      "geometry": {
        "type": "Point",
        "coordinates": [
          -2.278722270038206,
          53.003357663727975
        ]
      },
      "properties": {
        "source_sheet": "cherries",
        "tag": 4069,
        "square": "H6",
        "species": "Flowering Cherry",
        "latin_name": "Prunus 'Yokihi'",
        "planted": 2008,
        "comments": "Sato-zakura Group",
        "source": "Witch Hazel Nursery, Kent",
        "easting": 381393.0,
        "northing": 345152.0
      }
    },
    {
      "type": "Feature",
      "geometry": {
        "type": "Point",
        "coordinates": [
          -2.2788566142364637,
          53.003393305243314
        ]
      },
      "properties": {
        "source_sheet": "cherries",
        "tag": 4070,
        "square": "H6",
        "species": "Flowering Cherry",
        "latin_name": "Prunus changyangensis",
        "planted": 2008,
        "source": "Witch Hazel Nursery, Kent",
        "easting": 381384.0,
        "northing": 345156.0
      }
    },
    {
      "type": "Feature",
      "geometry": {
        "type": "Point",
        "coordinates": [
          -2.2790804830411573,
          53.00344671472905
        ]
      },
      "properties": {
        "source_sheet": "cherries",
        "tag": 4072,
        "square": "H6",
        "species": "Flowering Cherry",
        "latin_name": "Prunus hirtipes 'Malifolia'",
        "planted": 2008,
        "source": "Witch Hazel Nursery, Kent",
        "easting": 381369.0,
        "northing": 345162.0
      }
    },
    {
      "type": "Feature",
      "geometry": {
        "type": "Point",
        "coordinates": [
          -2.2791873684200894,
          53.00345302572055
        ]
      },
      "properties": {
        "source_sheet": "cherries",
        "tag": 4073,
        "square": "H6",
        "species": "Flowering Cherry",
        "latin_name": "Prunus leveilleana (ex Hillier Arb.)",
        "planted": 2008,
        "source": "Witch Hazel Nursery, Kent",
        "easting": 381361.83,
        "northing": 345162.73
      }
    },
    {
      "type": "Feature",
      "geometry": {
        "type": "Point",
        "coordinates": [
          -2.2792228755451656,
          53.00345941449474
        ]
      },
      "properties": {
        "source_sheet": "cherries",
        "text_needed": "X",
        "tag": 4074,
        "square": "H6",
        "species": "Flowering Cherry",
        "latin_name": "Prunus serrulata var. hupehensis",
        "planted": 2008,
        "source": "Witch Hazel Nursery, Kent",
        "easting": 381359.45,
        "northing": 345163.45
      }
    },
    {
      "type": "Feature",
      "geometry": {
        "type": "Point",
        "coordinates": [
          -2.2793191957362593,
          53.0034910997086
        ]
      },
      "properties": {
        "source_sheet": "cherries",
        "tag": 4075,
        "square": "H4",
        "species": "Flowering Cherry",
        "latin_name": "Prunus 'Takasago'",
        "planted": 2008,
        "comments": "Sato-zakura Group",
        "source": "Witch Hazel Nursery, Kent",
        "easting": 381353.0,
        "northing": 345167.0
      }
    },
    {
      "type": "Feature",
      "geometry": {
        "type": "Point",
        "coordinates": [
          -2.2794236218008157,
          53.00350883253895
        ]
      },
      "properties": {
        "source_sheet": "cherries",
        "tag": 4076,
        "square": "H6",
        "species": "Flowering Cherry",
        "latin_name": "Prunus x juddii",
        "planted": 2008,
        "source": "Witch Hazel Nursery, Kent",
        "easting": 381346.0,
        "northing": 345169.0
      }
    },
    {
      "type": "Feature",
      "geometry": {
        "type": "Point",
        "coordinates": [
          -2.279624367132256,
          53.003511955925866
        ]
      },
      "properties": {
        "source_sheet": "cherries",
        "tag": 4077,
        "square": "H6",
        "species": "Flowering Cherry",
        "latin_name": "Prunus speciosa 'Yae-beni-oshima'",
        "planted": 2008,
        "synonymy_old_names": "Prunus x yedoensis Yae-beni-oshima",
        "source": "Witch Hazel Nursery, Kent",
        "easting": 381332.53,
        "northing": 345169.4
      }
    },
    {
      "type": "Feature",
      "geometry": {
        "type": "Point",
        "coordinates": [
          -2.2797068650170758,
          53.00352614443854
        ]
      },
      "properties": {
        "source_sheet": "cherries",
        "tag": 4078,
        "square": "H6",
        "species": "Flowering Cherry",
        "latin_name": "Prunus incisa 'Praecox'",
        "planted": 2008,
        "source": "Witch Hazel Nursery, Kent",
        "easting": 381327.0,
        "northing": 345171.0
      }
    },
    {
      "type": "Feature",
      "geometry": {
        "type": "Point",
        "coordinates": [
          -2.279755299156914,
          53.00343461035648
        ]
      },
      "properties": {
        "source_sheet": "cherries",
        "tag": 4079,
        "square": "H6",
        "species": "Flowering Cherry",
        "latin_name": "Prunus 'Taoyame'",
        "planted": 2008,
        "comments": "Sato-zakura Group",
        "synonymy_old_names": "Prunus x yedoensis Izu-yoshino",
        "source": "Witch Hazel Nursery, Kent",
        "easting": 381323.71,
        "northing": 345160.83
      }
    },
    {
      "type": "Feature",
      "geometry": {
        "type": "Point",
        "coordinates": [
          -2.2797813721267706,
          53.00352596900965
        ]
      },
      "properties": {
        "source_sheet": "cherries",
        "tag": 4080,
        "square": "H6",
        "species": "Flowering Cherry",
        "latin_name": "Prunus rufa B. L. & M. 107",
        "planted": 2008,
        "source": "Witch Hazel Nursery, Kent",
        "easting": 381322.0,
        "northing": 345171.0
      }
    },
    {
      "type": "Feature",
      "geometry": {
        "type": "Point",
        "coordinates": [
          -2.280035951176205,
          53.00346604059964
        ]
      },
      "properties": {
        "source_sheet": "cherries",
        "tag": 4082,
        "square": "H6",
        "species": "Flowering Cherry",
        "latin_name": "Prunus leveilleana 'Autumn Glory'",
        "planted": 2008,
        "source": "Witch Hazel Nursery, Kent",
        "easting": 381304.89,
        "northing": 345164.4
      }
    },
    {
      "type": "Feature",
      "geometry": {
        "type": "Point",
        "coordinates": [
          -2.280229405249979,
          53.00367772932451
        ]
      },
      "properties": {
        "source_sheet": "cherries",
        "text_needed": "X",
        "tag": 4083,
        "square": "G6",
        "species": "Flowering Cherry",
        "latin_name": "Prunus incisa 'Semiplena'",
        "planted": 2008,
        "source": "Witch Hazel Nursery, Kent",
        "easting": 381292.0,
        "northing": 345188.0
      }
    },
    {
      "type": "Feature",
      "geometry": {
        "type": "Point",
        "coordinates": [
          -2.2803484421716065,
          53.00365048093886
        ]
      },
      "properties": {
        "source_sheet": "cherries",
        "text_needed": "X",
        "tag": 4084,
        "square": "G6",
        "species": "Flowering Cherry",
        "latin_name": "Prunus incisa 'Compacta'",
        "planted": 2008,
        "source": "Witch Hazel Nursery, Kent",
        "easting": 381284.0,
        "northing": 345185.0
      }
    },
    {
      "type": "Feature",
      "geometry": {
        "type": "Point",
        "coordinates": [
          -2.280527842995925,
          53.003739949372836
        ]
      },
      "properties": {
        "source_sheet": "cherries",
        "tag": 4085,
        "square": "G6",
        "species": "Flowering Cherry",
        "latin_name": "Prunus 'Matsumae-hanazomei'",
        "planted": 2008,
        "comments": "Sato-zakura Group",
        "source": "Witch Hazel Nursery, Kent",
        "easting": 381272.0,
        "northing": 345195.0
      }
    },
    {
      "type": "Feature",
      "geometry": {
        "type": "Point",
        "coordinates": [
          -2.2806776165832408,
          53.00385645509445
        ]
      },
      "properties": {
        "source_sheet": "cherries",
        "tag": 4087,
        "square": "G6",
        "species": "Flowering Cherry",
        "latin_name": "Prunus 'Rosa Traum'",
        "planted": 2008,
        "synonymy_old_names": "Prunus canescens x Prunus sargentii",
        "source": "Witch Hazel Nursery, Kent",
        "easting": 381262.0,
        "northing": 345208.0
      }
    },
    {
      "type": "Feature",
      "geometry": {
        "type": "Point",
        "coordinates": [
          -2.28076696741389,
          53.00384725479315
        ]
      },
      "properties": {
        "source_sheet": "cherries",
        "text_needed": "X",
        "tag": 4088,
        "square": "G6",
        "species": "Flowering Cherry",
        "latin_name": "Prunus 'Spring Joy'",
        "planted": 2008,
        "synonymy_old_names": "Prunus nipponica var.kurilensis Spring Joy",
        "source": "Witch Hazel Nursery, Kent",
        "easting": 381256.0,
        "northing": 345207.0
      }
    },
    {
      "type": "Feature",
      "geometry": {
        "type": "Point",
        "coordinates": [
          -2.2807671425417078,
          53.003874221943974
        ]
      },
      "properties": {
        "source_sheet": "cherries",
        "tag": 4089,
        "square": "G6",
        "species": "Flowering Cherry",
        "latin_name": "Prunus speciosa",
        "planted": 2008,
        "source": "Witch Hazel Nursery, Kent",
        "easting": 381256.0,
        "northing": 345210.0
      }
    },
    {
      "type": "Feature",
      "geometry": {
        "type": "Point",
        "coordinates": [
          -2.2809911330263692,
          53.003945605922304
        ]
      },
      "properties": {
        "source_sheet": "cherries",
        "tag": 4090,
        "square": "G6",
        "species": "Flowering Cherry",
        "latin_name": "Prunus x yedoensis 'Somei-yoshino'",
        "planted": 2008,
        "source": "Witch Hazel Nursery, Kent",
        "easting": 381241.0,
        "northing": 345218.0
      }
    },
    {
      "type": "Feature",
      "geometry": {
        "type": "Point",
        "coordinates": [
          -2.2808422341601156,
          53.00396393635131
        ]
      },
      "properties": {
        "source_sheet": "cherries",
        "tag": 4091,
        "square": "G5",
        "species": "Flowering Cherry",
        "latin_name": "Prunus campanulata 'Felix Jury'",
        "planted": 2009,
        "source": "Witch Hazel Nursery, Kent",
        "easting": 381251.0,
        "northing": 345220.0
      }
    },
    {
      "type": "Feature",
      "geometry": {
        "type": "Point",
        "coordinates": [
          -2.280729675630277,
          53.00498896970832
        ]
      },
      "properties": {
        "source_sheet": "cherries",
        "tag": 4093,
        "square": "H4",
        "species": "Flowering Cherry",
        "latin_name": "Prunus cerasus 'May Cloud'",
        "planted": 2008,
        "source": "Witch Hazel Nursery, Kent",
        "easting": 381259.0,
        "northing": 345334.0
      }
    },
    {
      "type": "Feature",
      "geometry": {
        "type": "Point",
        "coordinates": [
          -2.2806553994282655,
          53.00502510192914
        ]
      },
      "properties": {
        "source_sheet": "cherries",
        "tag": 4094,
        "square": "H4",
        "species": "Flowering Cherry",
        "latin_name": "Prunus 'Ruby'",
        "planted": 2008,
        "synonymy_old_names": "Prunus nipponica var. kurilensis Ruby",
        "source": "Witch Hazel Nursery, Kent",
        "easting": 381264.0,
        "northing": 345338.0
      }
    },
    {
      "type": "Feature",
      "geometry": {
        "type": "Point",
        "coordinates": [
          -2.280551610871776,
          53.005106249725394
        ]
      },
      "properties": {
        "source_sheet": "cherries",
        "tag": 4095,
        "square": "H4",
        "species": "Flowering Cherry",
        "latin_name": "Prunus 'Daikoku'",
        "planted": 2008,
        "comments": "Sato-zakura Group",
        "source": "Witch Hazel Nursery, Kent",
        "easting": 381271.0,
        "northing": 345347.0
      }
    },
    {
      "type": "Feature",
      "geometry": {
        "type": "Point",
        "coordinates": [
          -2.2805370588916194,
          53.00516021920323
        ]
      },
      "properties": {
        "source_sheet": "cherries",
        "tag": 4096,
        "square": "H4",
        "species": "Flowering Cherry",
        "latin_name": "Prunus 'Eurydice'",
        "planted": 2008,
        "source": "Witch Hazel Nursery, Kent",
        "easting": 381272.0,
        "northing": 345353.0
      }
    },
    {
      "type": "Feature",
      "geometry": {
        "type": "Point",
        "coordinates": [
          -2.280314519973857,
          53.005313560606375
        ]
      },
      "properties": {
        "source_sheet": "cherries",
        "tag": 4097,
        "square": "H4",
        "species": "Flowering Cherry",
        "latin_name": "Prunus 'Shirayukihime'",
        "planted": 2008,
        "comments": "Sato-zakura Group",
        "synonymy_old_names": "Prunus Matsumae-shiray-ukihime",
        "source": "Witch Hazel Nursery, Kent",
        "easting": 381287.0,
        "northing": 345370.0
      }
    },
    {
      "type": "Feature",
      "geometry": {
        "type": "Point",
        "coordinates": [
          -2.2802405342167513,
          53.005394637809054
        ]
      },
      "properties": {
        "source_sheet": "cherries",
        "tag": 4098,
        "square": "H4",
        "species": "Flowering Cherry",
        "latin_name": "Prunus 'Kofuku'",
        "planted": 2008,
        "comments": "Sato-zakura Group",
        "synonymy_old_names": "Prunus Matsumae-kofuku",
        "source": "Witch Hazel Nursery, Kent",
        "easting": 381292.0,
        "northing": 345379.0
      }
    },
    {
      "type": "Feature",
      "geometry": {
        "type": "Point",
        "coordinates": [
          -2.280166198655667,
          53.005421780675015
        ]
      },
      "properties": {
        "source_sheet": "cherries",
        "tag": 4099,
        "square": "H4",
        "species": "Flowering Cherry",
        "latin_name": "Prunus 'Pink Ballerina'",
        "planted": 2008,
        "source": "Witch Hazel Nursery, Kent",
        "easting": 381297.0,
        "northing": 345382.0
      }
    },
    {
      "type": "Feature",
      "geometry": {
        "type": "Point",
        "coordinates": [
          -2.2800622335325462,
          53.00547596089636
        ]
      },
      "properties": {
        "source_sheet": "cherries",
        "text_needed": "X",
        "tag": 4100,
        "square": "H3",
        "species": "Flowering Cherry",
        "latin_name": "Prunus 'Wadae'",
        "planted": 2008,
        "source": "Witch Hazel Nursery, Kent",
        "easting": 381304.0,
        "northing": 345388.0
      }
    },
    {
      "type": "Feature",
      "geometry": {
        "type": "Point",
        "coordinates": [
          -2.2798394003744153,
          53.00558435616556
        ]
      },
      "properties": {
        "source_sheet": "cherries",
        "tag": 4101,
        "square": "H3",
        "species": "Flowering Cherry",
        "latin_name": "Prunus 'Takasago'",
        "planted": 2008,
        "comments": "Sato-zakura Group",
        "source": "Witch Hazel Nursery, Kent",
        "easting": 381319.0,
        "northing": 345400.0
      }
    },
    {
      "type": "Feature",
      "geometry": {
        "type": "Point",
        "coordinates": [
          -2.279735667113061,
          53.005674492294176
        ]
      },
      "properties": {
        "source_sheet": "cherries",
        "tag": 4102,
        "square": "H3",
        "species": "Flowering Cherry",
        "latin_name": "Prunus 'Moerheimii'",
        "planted": 2008,
        "source": "Witch Hazel Nursery, Kent",
        "easting": 381326.0,
        "northing": 345410.0
      }
    },
    {
      "type": "Feature",
      "geometry": {
        "type": "Point",
        "coordinates": [
          -2.2796465448769294,
          53.00571964801646
        ]
      },
      "properties": {
        "source_sheet": "cherries",
        "tag": 4103,
        "square": "H3",
        "species": "Flowering Cherry",
        "latin_name": "Prunus 'Aratama'",
        "planted": 2009,
        "comments": "Sato-zakura Group",
        "source": "Witch Hazel Nursery, Kent",
        "easting": 381332.0,
        "northing": 345415.0
      }
    },
    {
      "type": "Feature",
      "geometry": {
        "type": "Point",
        "coordinates": [
          -2.279364391005181,
          53.00587312791877
        ]
      },
      "properties": {
        "source_sheet": "cherries",
        "tag": 4104,
        "square": "I3",
        "species": "Flowering Cherry",
        "latin_name": "Prunus 'Beni-yutaka'",
        "planted": 2009,
        "comments": "Sato-zakura Group",
        "source": "Witch Hazel Nursery, Kent",
        "easting": 381351.0,
        "northing": 345432.0
      }
    },
    {
      "type": "Feature",
      "geometry": {
        "type": "Point",
        "coordinates": [
          -2.2792752679722352,
          53.005918283362355
        ]
      },
      "properties": {
        "source_sheet": "cherries",
        "tag": 4105,
        "square": "I3",
        "species": "Flowering Cherry",
        "latin_name": "Prunus 'Ezonishiki'",
        "planted": 2009,
        "comments": "Sato-zakura Group",
        "source": "Witch Hazel Nursery, Kent",
        "easting": 381357.0,
        "northing": 345437.0
      }
    },
    {
      "type": "Feature",
      "geometry": {
        "type": "Point",
        "coordinates": [
          -2.2791863189092862,
          53.00599040588389
        ]
      },
      "properties": {
        "source_sheet": "cherries",
        "tag": 4106,
        "square": "I3",
        "species": "Flowering Cherry",
        "latin_name": "Prunus 'Kouka'",
        "planted": 2009,
        "comments": "Sato-zakura Group",
        "source": "Witch Hazel Nursery, Kent",
        "easting": 381363.0,
        "northing": 345445.0
      }
    },
    {
      "type": "Feature",
      "geometry": {
        "type": "Point",
        "coordinates": [
          -2.2790972534825924,
          53.006044550241946
        ]
      },
      "properties": {
        "source_sheet": "cherries",
        "tag": 4107,
        "square": "I3",
        "species": "Flowering Cherry",
        "latin_name": "Prunus 'Matsumae'",
        "planted": 2009,
        "comments": "Sato-zakura Group",
        "source": "Witch Hazel Nursery, Kent",
        "easting": 381369.0,
        "northing": 345451.0
      }
    },
    {
      "type": "Feature",
      "geometry": {
        "type": "Point",
        "coordinates": [
          -2.2788745889407207,
          53.00617991084444
        ]
      },
      "properties": {
        "source_sheet": "cherries",
        "tag": 4108,
        "square": "I3",
        "species": "Flowering Cherry",
        "latin_name": "Prunus 'Matsumae-aizen'",
        "planted": 2009,
        "comments": "Sato-zakura Group",
        "source": "Witch Hazel Nursery, Kent",
        "easting": 381384.0,
        "northing": 345466.0
      }
    },
    {
      "type": "Feature",
      "geometry": {
        "type": "Point",
        "coordinates": [
          -2.2787410475070744,
          53.00627011605339
        ]
      },
      "properties": {
        "source_sheet": "cherries",
        "tag": 4109,
        "square": "I3",
        "species": "Flowering Cherry",
        "latin_name": "Prunus 'Gyosho'",
        "planted": 2009,
        "comments": "Sato-zakura Group",
        "synonymy_old_names": "Prunus Matsumae-akathu-no-kane",
        "source": "Witch Hazel Nursery, Kent",
        "easting": 381393.0,
        "northing": 345476.0
      }
    },
    {
      "type": "Feature",
      "geometry": {
        "type": "Point",
        "coordinates": [
          -2.2786371944380095,
          53.00634227312249
        ]
      },
      "properties": {
        "source_sheet": "cherries",
        "tag": 4110,
        "square": "I3",
        "species": "Flowering Cherry",
        "latin_name": "Prunus 'Matsumae-beni-botan'",
        "planted": 2009,
        "comments": "Sato-zakura Group",
        "source": "Witch Hazel Nursery, Kent",
        "easting": 381400.0,
        "northing": 345484.0
      }
    },
    {
      "type": "Feature",
      "geometry": {
        "type": "Point",
        "coordinates": [
          -2.278548185520416,
          53.00640540611608
        ]
      },
      "properties": {
        "source_sheet": "cherries",
        "tag": 4111,
        "square": "I3",
        "species": "Flowering Cherry",
        "latin_name": "Prunus 'Matsumae-fuki'",
        "planted": 2009,
        "comments": "Sato-zakura Group",
        "source": "Witch Hazel Nursery, Kent",
        "easting": 381406.0,
        "northing": 345491.0
      }
    },
    {
      "type": "Feature",
      "geometry": {
        "type": "Point",
        "coordinates": [
          -2.2784145269251885,
          53.00647763286073
        ]
      },
      "properties": {
        "source_sheet": "cherries",
        "tag": 4112,
        "square": "I2",
        "species": "Flowering Cherry",
        "latin_name": "Prunus 'Matsumae-hayazaki'",
        "planted": 2009,
        "comments": "Sato-zakura Group",
        "source": "Witch Hazel Nursery, Kent",
        "easting": 381415.0,
        "northing": 345499.0
      }
    },
    {
      "type": "Feature",
      "geometry": {
        "type": "Point",
        "coordinates": [
          -2.2765669116659746,
          53.00652689389558
        ]
      },
      "properties": {
        "source_sheet": "cherries",
        "tag": 4113,
        "square": "J3",
        "species": "Flowering Cherry",
        "latin_name": "Prunus 'Hakuho'",
        "planted": 2009,
        "comments": "Sato-zakura Group",
        "synonymy_old_names": "Prunus Matsumae-hakuho",
        "source": "Witch Hazel Nursery, Kent",
        "easting": 381539.0,
        "northing": 345504.0
      }
    },
    {
      "type": "Feature",
      "geometry": {
        "type": "Point",
        "coordinates": [
          -2.276622648980248,
          53.006620251646325
        ]
      },
      "properties": {
        "source_sheet": "cherries",
        "text_needed": "X",
        "tag": 4114,
        "square": "J3",
        "species": "Flowering Cherry",
        "latin_name": "Prunus x compta 'Myojo'",
        "planted": 2009,
        "source": "Witch Hazel Nursery, Kent",
        "easting": 381535.3,
        "northing": 345514.4
      }
    },
    {
      "type": "Feature",
      "geometry": {
        "type": "Point",
        "coordinates": [
          -2.2766588809394417,
          53.00669297966864
        ]
      },
      "properties": {
        "source_sheet": "cherries",
        "tag": 4115,
        "square": "J2",
        "species": "Flowering Cherry",
        "latin_name": "Prunus 'Matsumae-ohsio'",
        "planted": 2009,
        "comments": "Sato-zakura Group",
        "source": "Witch Hazel Nursery, Kent",
        "easting": 381532.9,
        "northing": 345522.5
      }
    },
    {
      "type": "Feature",
      "geometry": {
        "type": "Point",
        "coordinates": [
          -2.276773803329896,
          53.00695249940099
        ]
      },
      "properties": {
        "source_sheet": "cherries",
        "tag": 4118,
        "square": "J2",
        "species": "Flowering Cherry",
        "latin_name": "Prunus 'Matsumae-tama-gaki'",
        "planted": 2009,
        "comments": "Sato-zakura Group",
        "source": "Witch Hazel Nursery, Kent",
        "easting": 381525.3,
        "northing": 345551.4
      }
    },
    {
      "type": "Feature",
      "geometry": {
        "type": "Point",
        "coordinates": [
          -2.2766895834238734,
          53.00706595925932
        ]
      },
      "properties": {
        "source_sheet": "cherries",
        "tag": 4119,
        "square": "J2",
        "species": "Flowering Cherry",
        "latin_name": "Prunus 'Matsumae-tama-hime-zakura'",
        "planted": 2009,
        "comments": "Sato-zakura Group",
        "source": "Witch Hazel Nursery, Kent",
        "easting": 381531.0,
        "northing": 345564.0
      }
    },
    {
      "type": "Feature",
      "geometry": {
        "type": "Point",
        "coordinates": [
          -2.2740031343151785,
          53.00738590744385
        ]
      },
      "properties": {
        "source_sheet": "cherries",
        "tag": 4120,
        "square": "L2",
        "species": "Flowering Cherry",
        "latin_name": "Prunus 'Matsumae-usuyuki'",
        "planted": 2009,
        "comments": "Sato-zakura Group",
        "source": "Witch Hazel Nursery, Kent",
        "easting": 381711.4,
        "northing": 345598.9
      }
    },
    {
      "type": "Feature",
      "geometry": {
        "type": "Point",
        "coordinates": [
          -2.27391523651998,
          53.00739060470844
        ]
      },
      "properties": {
        "source_sheet": "cherries",
        "tag": 4121,
        "square": "L2",
        "species": "Flowering Cherry",
        "latin_name": "Prunus 'Ranran'",
        "planted": 2009,
        "comments": "Sato-zakura Group",
        "source": "Witch Hazel Nursery, Kent",
        "easting": 381717.3,
        "northing": 345599.4
      }
    },
    {
      "type": "Feature",
      "geometry": {
        "type": "Point",
        "coordinates": [
          -2.2738139376075592,
          53.00739713062888
        ]
      },
      "properties": {
        "source_sheet": "cherries",
        "tag": 4122,
        "square": "L2",
        "species": "Flowering Cherry",
        "latin_name": "Prunus 'Tsukubane'",
        "planted": 2009,
        "comments": "Sato-zakura Group",
        "source": "Witch Hazel Nursery, Kent",
        "easting": 381724.1,
        "northing": 345600.1
      }
    },
    {
      "type": "Feature",
      "geometry": {
        "type": "Point",
        "coordinates": [
          -2.2736411281536713,
          53.00740741685407
        ]
      },
      "properties": {
        "source_sheet": "cherries",
        "text_needed": "X",
        "tag": 4123,
        "square": "L2",
        "species": "Flowering Cherry",
        "latin_name": "Prunus incisa 'Hime-fuji-zakura'",
        "planted": 2009,
        "source": "Witch Hazel Nursery, Kent",
        "easting": 381735.7,
        "northing": 345601.2
      }
    },
    {
      "type": "Feature",
      "geometry": {
        "type": "Point",
        "coordinates": [
          -2.2734578696181935,
          53.00741503012347
        ]
      },
      "properties": {
        "source_sheet": "cherries",
        "tag": 4124,
        "square": "L2",
        "species": "Flowering Cherry",
        "latin_name": "Prunus 'Matsumae-sarasa'",
        "planted": 2009,
        "comments": "Sato-zakura Group",
        "source": "Witch Hazel Nursery, Kent",
        "easting": 381748.0,
        "northing": 345602.0
      }
    },
    {
      "type": "Feature",
      "geometry": {
        "type": "Point",
        "coordinates": [
          -2.273194153091183,
          53.007425524893584
        ]
      },
      "properties": {
        "source_sheet": "cherries",
        "text_needed": "X",
        "tag": 4126,
        "square": "L2",
        "species": "Flowering Cherry",
        "latin_name": "Prunus sargentii (ex Woore)",
        "planted": 2009,
        "source": "Witch Hazel Nursery, Kent",
        "easting": 381765.7,
        "northing": 345603.1
      }
    },
    {
      "type": "Feature",
      "geometry": {
        "type": "Point",
        "coordinates": [
          -2.273040819184339,
          53.00745194598947
        ]
      },
      "properties": {
        "source_sheet": "cherries",
        "tag": 4127,
        "square": "L2",
        "species": "Flowering Cherry",
        "latin_name": "Prunus 'Shiogama'",
        "planted": 2009,
        "comments": "Sato-zakura Group",
        "source": "Witch Hazel Nursery, Kent",
        "easting": 381776.0,
        "northing": 345606.0
      }
    },
    {
      "type": "Feature",
      "geometry": {
        "type": "Point",
        "coordinates": [
          -2.272848533572461,
          53.00744609529238
        ]
      },
      "properties": {
        "source_sheet": "cherries",
        "tag": 4128,
        "square": "L2",
        "species": "Flowering Cherry",
        "latin_name": "Prunus x subhirtella 'Koshiensis'",
        "planted": 2009,
        "synonymy_old_names": "Prunus x subhirtella FFJP7136",
        "source": "Witch Hazel Nursery, Kent",
        "easting": 381788.9,
        "northing": 345605.3
      }
    },
    {
      "type": "Feature",
      "geometry": {
        "type": "Point",
        "coordinates": [
          -2.2726682099252136,
          53.00744650925987
        ]
      },
      "properties": {
        "source_sheet": "cherries",
        "tag": 4129,
        "square": "L2",
        "species": "Flowering Cherry",
        "latin_name": "Prunus 'Kanzan'",
        "planted": 2009,
        "comments": "Sato-zakura Group",
        "source": "Witch Hazel Nursery, Kent",
        "easting": 381801.0,
        "northing": 345605.3
      }
    },
    {
      "type": "Feature",
      "geometry": {
        "type": "Point",
        "coordinates": [
          -2.2724729834922077,
          53.00744695713132
        ]
      },
      "properties": {
        "source_sheet": "cherries",
        "tag": 4130,
        "square": "L2",
        "species": "Flowering Cherry",
        "latin_name": "Prunus 'Marie Mallet'",
        "planted": 2009,
        "source": "Witch Hazel Nursery, Kent",
        "easting": 381814.1,
        "northing": 345605.3
      }
    },
    {
      "type": "Feature",
      "geometry": {
        "type": "Point",
        "coordinates": [
          -2.2724759753806936,
          53.00744874810622
        ]
      },
      "properties": {
        "source_sheet": "cherries",
        "text_needed": "X",
        "tag": 4131,
        "square": "L2",
        "species": "Flowering Cherry",
        "latin_name": "Prunus 'Snow Showers'",
        "planted": 2009,
        "source": "Witch Hazel Nursery, Kent",
        "easting": 381813.9,
        "northing": 345605.5
      }
    },
    {
      "type": "Feature",
      "geometry": {
        "type": "Point",
        "coordinates": [
          -2.272283684194024,
          53.00744199759059
        ]
      },
      "properties": {
        "source_sheet": "cherries",
        "tag": 4132,
        "square": "L2",
        "species": "Flowering Cherry",
        "latin_name": "Prunus x yedoensis 'Tsubame'",
        "planted": 2009,
        "source": "Witch Hazel Nursery, Kent",
        "easting": 381826.8,
        "northing": 345604.7
      }
    },
    {
      "type": "Feature",
      "geometry": {
        "type": "Point",
        "coordinates": [
          -2.2696369195526582,
          53.00696531471836
        ]
      },
      "properties": {
        "source_sheet": "cherries",
        "tag": 4133,
        "square": "N2",
        "species": "Flowering Cherry",
        "latin_name": "Prunus 'Marie Mallet'",
        "planted": 2009,
        "source": "Witch Hazel Nursery, Kent",
        "easting": 382004.2,
        "northing": 345551.0
      }
    },
    {
      "type": "Feature",
      "geometry": {
        "type": "Point",
        "coordinates": [
          -2.269685851441044,
          53.006925651262065
        ]
      },
      "properties": {
        "source_sheet": "cherries",
        "text_needed": "X",
        "tag": 4134,
        "square": "N2",
        "species": "Flowering Cherry",
        "latin_name": "Prunus 'Snow Showers'",
        "planted": 2009,
        "source": "Witch Hazel Nursery, Kent",
        "easting": 382000.9,
        "northing": 345546.6
      }
    },
    {
      "type": "Feature",
      "geometry": {
        "type": "Point",
        "coordinates": [
          -2.269767585770225,
          53.00688861006443
        ]
      },
      "properties": {
        "source_sheet": "cherries",
        "tag": 4135,
        "square": "N2",
        "species": "Flowering Cherry",
        "latin_name": "Prunus x yedoensis 'Waterfall'",
        "planted": 2009,
        "source": "Witch Hazel Nursery, Kent",
        "easting": 381995.4,
        "northing": 345542.5
      }
    },
    {
      "type": "Feature",
      "geometry": {
        "type": "Point",
        "coordinates": [
          -2.2698708314916862,
          53.006931433773
        ]
      },
      "properties": {
        "source_sheet": "cherries",
        "tag": 4138,
        "square": "N2",
        "species": "Flowering Cherry",
        "latin_name": "Prunus itosakura 'Pendula Plena Rosea'",
        "planted": 2009,
        "synonymy_old_names": "Prunus subhirtella Pendula Plena Rosea",
        "source": "Witch Hazel Nursery, Kent",
        "easting": 381988.49,
        "northing": 345547.29
      }
    },
    {
      "type": "Feature",
      "geometry": {
        "type": "Point",
        "coordinates": [
          -2.270177476238603,
          53.004752747704025
        ]
      },
      "properties": {
        "source_sheet": "cherries",
        "tag": 4145,
        "square": "N5",
        "species": "Flowering Cherry",
        "latin_name": "Prunus 'Shogetsu'",
        "planted": 2002,
        "comments": "Sato-zakura Group",
        "source": "Witch Hazel Nursery, Kent",
        "easting": 381967.0,
        "northing": 345305.0
      }
    },
    {
      "type": "Feature",
      "geometry": {
        "type": "Point",
        "coordinates": [
          -2.270077869661789,
          53.004790728748276
        ]
      },
      "properties": {
        "source_sheet": "cherries",
        "tag": 4146,
        "square": "N5",
        "species": "Flowering Cherry",
        "latin_name": "Prunus 'Matsumae-fuki'",
        "planted": 2002,
        "comments": "Sato-zakura Group",
        "source": "Witch Hazel Nursery, Kent",
        "easting": 381973.7,
        "northing": 345309.2
      }
    },
    {
      "type": "Feature",
      "geometry": {
        "type": "Point",
        "coordinates": [
          -2.2699881552944903,
          53.00474239105745
        ]
      },
      "properties": {
        "source_sheet": "cherries",
        "tag": 4147,
        "square": "N5",
        "species": "Flowering Cherry",
        "latin_name": "Prunus avium 'Plena'",
        "planted": 2002,
        "source": "Witch Hazel Nursery, Kent",
        "easting": 381979.7,
        "northing": 345303.8
      }
    },
    {
      "type": "Feature",
      "geometry": {
        "type": "Point",
        "coordinates": [
          -2.270044383667733,
          53.00467844005598
        ]
      },
      "properties": {
        "source_sheet": "cherries",
        "tag": 4148,
        "square": "N5",
        "species": "Flowering Cherry",
        "latin_name": "Prunus 'Collingwood Ingram'",
        "planted": 2002,
        "source": "Witch Hazel Nursery, Kent",
        "easting": 381975.9,
        "northing": 345296.7
      }
    },
    {
      "type": "Feature",
      "geometry": {
        "type": "Point",
        "coordinates": [
          -2.2700750541739305,
          53.00457859038824
        ]
      },
      "properties": {
        "source_sheet": "cherries",
        "tag": 4149,
        "square": "N5",
        "species": "Flowering Cherry",
        "latin_name": "Prunus 'Kanzan'",
        "planted": 2002,
        "comments": "Sato-zakura Group",
        "source": "Witch Hazel Nursery, Kent",
        "easting": 381973.8,
        "northing": 345285.6
      }
    },
    {
      "type": "Feature",
      "geometry": {
        "type": "Point",
        "coordinates": [
          -2.2700781095560782,
          53.00435205597849
        ]
      },
      "properties": {
        "source_sheet": "cherries",
        "tag": 4151,
        "square": "N5",
        "species": "Flowering Cherry",
        "latin_name": "Prunus 'Tai-haku'",
        "planted": 2002,
        "comments": "Sato-zakura Group",
        "source": "Witch Hazel Nursery, Kent",
        "easting": 381973.5,
        "northing": 345260.4
      }
    },
    {
      "type": "Feature",
      "geometry": {
        "type": "Point",
        "coordinates": [
          -2.2700552853026656,
          53.00427659870435
        ]
      },
      "properties": {
        "source_sheet": "cherries",
        "tag": 4152,
        "square": "N5",
        "species": "Flowering Cherry",
        "latin_name": "Prunus 'Ukon'",
        "planted": 2002,
        "comments": "Sato-zakura Group",
        "source": "Witch Hazel Nursery, Kent",
        "easting": 381975.0,
        "northing": 345252.0
      }
    },
    {
      "type": "Feature",
      "geometry": {
        "type": "Point",
        "coordinates": [
          -2.270086225060504,
          53.00421989650502
        ]
      },
      "properties": {
        "source_sheet": "cherries",
        "tag": 4153,
        "square": "N5",
        "species": "Flowering Cherry",
        "latin_name": "Prunus 'Beni-yutaka'",
        "planted": 2002,
        "comments": "Sato-zakura Group",
        "source": "Witch Hazel Nursery, Kent",
        "easting": 381972.9,
        "northing": 345245.7
      }
    },
    {
      "type": "Feature",
      "geometry": {
        "type": "Point",
        "coordinates": [
          -2.2701140496139174,
          53.00414162733421
        ]
      },
      "properties": {
        "source_sheet": "cherries",
        "tag": 4154,
        "square": "N5",
        "species": "Flowering Cherry",
        "latin_name": "Prunus 'Ichiyo'",
        "planted": 2002,
        "comments": "Sato-zakura Group",
        "synonymy_old_names": "Prunus Spire",
        "source": "Witch Hazel Nursery, Kent",
        "easting": 381971.0,
        "northing": 345237.0
      }
    },
    {
      "type": "Feature",
      "geometry": {
        "type": "Point",
        "coordinates": [
          -2.2702176307278976,
          53.00402453237996
        ]
      },
      "properties": {
        "source_sheet": "cherries",
        "tag": 4155,
        "square": "N5",
        "species": "Flowering Cherry",
        "latin_name": "Prunus 'Amanogawa'",
        "planted": 2002,
        "comments": "Sato-zakura Group",
        "source": "Witch Hazel Nursery, Kent",
        "easting": 381964.0,
        "northing": 345224.0
      }
    },
    {
      "type": "Feature",
      "geometry": {
        "type": "Point",
        "coordinates": [
          -2.2699712191784482,
          53.00689839519576
        ]
      },
      "properties": {
        "source_sheet": "cherries",
        "tag": 4156,
        "square": "N2",
        "species": "Flowering Cherry",
        "latin_name": "Prunus 'Ukon'",
        "planted": 2008,
        "comments": "Sato-zakura Group",
        "synonymy_old_names": "Prunus 'Asagi'",
        "source": "Witch Hazel Nursery, Kent",
        "easting": 381981.74,
        "northing": 345543.64
      }
    },
    {
      "type": "Feature",
      "geometry": {
        "type": "Point",
        "coordinates": [
          -2.2742854755863102,
          53.002043072890075
        ]
      },
      "properties": {
        "source_sheet": "cherries",
        "tag": 4158,
        "square": "K8",
        "species": "Flowering Cherry",
        "latin_name": "Prunus 'Fukurokuju'",
        "planted": 2008,
        "comments": "Sato-zakura Group",
        "source": "Witch Hazel Nursery, Kent",
        "easting": 381690.18,
        "northing": 345004.61
      }
    },
    {
      "type": "Feature",
      "geometry": {
        "type": "Point",
        "coordinates": [
          -2.2774550628899166,
          53.00308277394773
        ]
      },
      "properties": {
        "source_sheet": "cherries",
        "tag": 4160,
        "square": "I6",
        "species": "Flowering Cherry",
        "latin_name": "Prunus 'Beni-shigure'",
        "planted": 2008,
        "comments": "Sato-zakura Group",
        "source": "Witch Hazel Nursery, Kent",
        "easting": 381477.92,
        "northing": 345121.09
      }
    },
    {
      "type": "Feature",
      "geometry": {
        "type": "Point",
        "coordinates": [
          -2.2747003749598043,
          52.99890839204869
        ]
      },
      "properties": {
        "source_sheet": "cherries",
        "tag": 4161,
        "square": "K11",
        "species": "Flowering Cherry",
        "latin_name": "Prunus 'Matsumae-beni-higoromo'",
        "planted": 2011,
        "comments": "Sato-zakura Group :",
        "memorial_commemorative": "Memorial - Raymond Anthony Willis",
        "source": "Witch Hazel Nursery, Kent",
        "easting": 381661.0,
        "northing": 344656.0
      }
    },
    {
      "type": "Feature",
      "geometry": {
        "type": "Point",
        "coordinates": [
          -2.2802654855836377,
          53.00234724418765
        ]
      },
      "properties": {
        "source_sheet": "cherries",
        "tag": 4162,
        "square": "G7",
        "species": "Flowering Cherry",
        "latin_name": "Prunus 'Beni-tamanishiki'",
        "planted": 2011,
        "comments": "Sato-zakura Group",
        "source": "Witch Hazel Nursery, Kent",
        "easting": 381289.0,
        "northing": 345040.0
      }
    },
    {
      "type": "Feature",
      "geometry": {
        "type": "Point",
        "coordinates": [
          -2.2803696178200057,
          53.00232003092922
        ]
      },
      "properties": {
        "source_sheet": "cherries",
        "tag": 4163,
        "square": "G7",
        "species": "Flowering Cherry",
        "latin_name": "Prunus 'Matsumae-beni-murasaki'",
        "planted": 2011,
        "comments": "Sato-zakura Group",
        "source": "Witch Hazel Nursery, Kent",
        "easting": 381282.0,
        "northing": 345037.0
      }
    },
    {
      "type": "Feature",
      "geometry": {
        "type": "Point",
        "coordinates": [
          -2.279787780536342,
          53.00221353224841
        ]
      },
      "properties": {
        "source_sheet": "cherries",
        "tag": 4165,
        "square": "H7",
        "species": "Flowering Cherry",
        "latin_name": "Prunus 'Matsumae-hana-guruma'",
        "planted": 2011,
        "comments": "Sato-zakura Group",
        "source": "Witch Hazel Nursery, Kent",
        "easting": 381321.0,
        "northing": 345025.0
      }
    },
    {
      "type": "Feature",
      "geometry": {
        "type": "Point",
        "coordinates": [
          -2.2794295763024706,
          53.002124483347515
        ]
      },
      "properties": {
        "source_sheet": "cherries",
        "tag": 4166,
        "square": "H7",
        "species": "Flowering Cherry",
        "latin_name": "Prunus 'Matsumae-kazan-in'",
        "planted": 2011,
        "comments": "Sato-zakura Group",
        "source": "Witch Hazel Nursery, Kent",
        "easting": 381345.0,
        "northing": 345015.0
      }
    },
    {
      "type": "Feature",
      "geometry": {
        "type": "Point",
        "coordinates": [
          -2.279519504958913,
          53.00220517452388
        ]
      },
      "properties": {
        "source_sheet": "cherries",
        "tag": 4167,
        "square": "H7",
        "species": "Flowering Cherry",
        "latin_name": "Prunus 'Matsumae-akatsuki-naden'",
        "planted": 2011,
        "comments": "Sato-zakura Group",
        "source": "Witch Hazel Nursery, Kent",
        "easting": 381339.0,
        "northing": 345024.0
      }
    },
    {
      "type": "Feature",
      "geometry": {
        "type": "Point",
        "coordinates": [
          -2.2796087944991297,
          53.00218698604069
        ]
      },
      "properties": {
        "source_sheet": "cherries",
        "tag": 4168,
        "square": "H7",
        "species": "Flowering Cherry",
        "latin_name": "Prunus 'Benigasa'",
        "planted": 2011,
        "comments": "Sato-zakura Group",
        "source": "Witch Hazel Nursery, Kent",
        "easting": 381333.0,
        "northing": 345022.0
      }
    },
    {
      "type": "Feature",
      "geometry": {
        "type": "Point",
        "coordinates": [
          -2.2797433684255743,
          53.00225858277961
        ]
      },
      "properties": {
        "source_sheet": "cherries",
        "tag": 4169,
        "square": "H7",
        "species": "Flowering Cherry",
        "latin_name": "Prunus 'Matsumae-beni-kosode'",
        "planted": 2011,
        "comments": "Sato-zakura Group",
        "source": "Witch Hazel Nursery, Kent",
        "easting": 381324.0,
        "northing": 345030.0
      }
    },
    {
      "type": "Feature",
      "geometry": {
        "type": "Point",
        "coordinates": [
          -2.2799521568296557,
          53.00228505856513
        ]
      },
      "properties": {
        "source_sheet": "cherries",
        "tag": 4170,
        "square": "H7",
        "species": "Flowering Cherry",
        "latin_name": "Prunus 'Matsumae-hana-kagoto'",
        "planted": 2011,
        "comments": "Sato-zakura Group",
        "source": "Witch Hazel Nursery, Kent",
        "easting": 381310.0,
        "northing": 345033.0
      }
    },
    {
      "type": "Feature",
      "geometry": {
        "type": "Point",
        "coordinates": [
          -2.2797076791902806,
          53.003651991159586
        ]
      },
      "properties": {
        "source_sheet": "cherries",
        "tag": 4171,
        "square": "H6",
        "species": "Flowering Cherry",
        "latin_name": "Prunus 'Matsumae-sayaka'",
        "planted": 2011,
        "comments": "Sato-zakura Group",
        "source": "Witch Hazel Nursery, Kent",
        "easting": 381327.0,
        "northing": 345185.0
      }
    },
    {
      "type": "Feature",
      "geometry": {
        "type": "Point",
        "coordinates": [
          -2.2792454434524547,
          53.00360813252278
        ]
      },
      "properties": {
        "source_sheet": "cherries",
        "tag": 4173,
        "square": "H6",
        "species": "Flowering Cherry",
        "latin_name": "Prunus 'Matsumae-yae-miyama-zakura'",
        "planted": 2011,
        "comments": "Sato-zakura Group",
        "source": "Witch Hazel Nursery, Kent",
        "easting": 381358.0,
        "northing": 345180.0
      }
    },
    {
      "type": "Feature",
      "geometry": {
        "type": "Point",
        "coordinates": [
          -2.2791110982680043,
          53.0035724914493
        ]
      },
      "properties": {
        "source_sheet": "cherries",
        "tag": 4174,
        "square": "H6",
        "species": "Flowering Cherry",
        "latin_name": "Prunus 'First Lady'",
        "planted": 2011,
        "source": "Witch Hazel Nursery, Kent",
        "easting": 381367.0,
        "northing": 345176.0
      }
    },
    {
      "type": "Feature",
      "geometry": {
        "type": "Point",
        "coordinates": [
          -2.2789769273146696,
          53.00356381737989
        ]
      },
      "properties": {
        "source_sheet": "cherries",
        "tag": 4175,
        "square": "H6",
        "species": "Flowering Cherry",
        "latin_name": "Prunus 'Senriko'",
        "planted": 2011,
        "comments": "Sato-zakura Group",
        "source": "Witch Hazel Nursery, Kent",
        "easting": 381376.0,
        "northing": 345175.0
      }
    },
    {
      "type": "Feature",
      "geometry": {
        "type": "Point",
        "coordinates": [
          -2.278887286759266,
          53.00352807107549
        ]
      },
      "properties": {
        "source_sheet": "cherries",
        "tag": 4176,
        "square": "H6",
        "species": "Flowering Cherry",
        "latin_name": "Prunus 'Matsumae-hayazaki'",
        "planted": 2011,
        "comments": "Sato-zakura Group",
        "source": "Witch Hazel Nursery, Kent",
        "easting": 381382.0,
        "northing": 345171.0
      }
    },
    {
      "type": "Feature",
      "geometry": {
        "type": "Point",
        "coordinates": [
          -2.27873827252051,
          53.00352842076629
        ]
      },
      "properties": {
        "source_sheet": "cherries",
        "tag": 4177,
        "square": "H6",
        "species": "Flowering Cherry",
        "latin_name": "Prunus 'Dream Catcher'",
        "planted": 2011,
        "source": "Witch Hazel Nursery, Kent",
        "easting": 381392.0,
        "northing": 345171.0
      }
    },
    {
      "type": "Feature",
      "geometry": {
        "type": "Point",
        "coordinates": [
          -2.2785742410148138,
          53.00351082710555
        ]
      },
      "properties": {
        "source_sheet": "cherries",
        "tag": 4178,
        "square": "H6",
        "species": "Flowering Cherry",
        "latin_name": "Prunus incisa 'Pink Foam'",
        "planted": 2011,
        "source": "Witch Hazel Nursery, Kent",
        "easting": 381403.0,
        "northing": 345169.0
      }
    },
    {
      "type": "Feature",
      "geometry": {
        "type": "Point",
        "coordinates": [
          -2.273947400513909,
          53.002048077828604
        ]
      },
      "properties": {
        "source_sheet": "cherries",
        "tag": 4180,
        "square": "L8",
        "species": "Flowering Cherry",
        "latin_name": "Prunus 'Machimura-zakura'",
        "planted": 2011,
        "comments": "Sato-zakura Group",
        "synonymy_old_names": "Prunus Matsumae-mathimur-zakura",
        "source": "Witch Hazel Nursery, Kent",
        "easting": 381712.87,
        "northing": 345005.08
      }
    },
    {
      "type": "Feature",
      "geometry": {
        "type": "Point",
        "coordinates": [
          -2.2794243189567385,
          53.00361670116008
        ]
      },
      "properties": {
        "source_sheet": "cherries",
        "tag": 4181,
        "square": "H6",
        "species": "Flowering Cherry",
        "latin_name": "Prunus 'Matsumae-yae-goromo'",
        "planted": 2011,
        "comments": "Sato-zakura Group",
        "source": "Witch Hazel Nursery, Kent",
        "easting": 381346.0,
        "northing": 345181.0
      }
    },
    {
      "type": "Feature",
      "geometry": {
        "type": "Point",
        "coordinates": [
          -2.2716557904797803,
          52.99965843954197
        ]
      },
      "properties": {
        "source_sheet": "cherries",
        "tag": 4182,
        "square": "M10",
        "species": "Flowering Cherry",
        "latin_name": "Prunus 'Matsumae-beni-higoromo'",
        "planted": 2011,
        "comments": "Sato-zakura Group",
        "memorial_commemorative": "Memorial - Dr Hans Liebeck",
        "source": "Witch Hazel Nursery, Kent",
        "easting": 381865.65,
        "northing": 344738.66
      }
    },
    {
      "type": "Feature",
      "geometry": {
        "type": "Point",
        "coordinates": [
          -2.272511839577099,
          53.00368165844101
        ]
      },
      "properties": {
        "source_sheet": "cherries",
        "tag": 4183,
        "square": "M6",
        "species": "Flowering Cherry",
        "latin_name": "Prunus 'Pandora'",
        "planted": 1998,
        "memorial_commemorative": "Donation - Community Schools Open Day",
        "synonymy_old_names": "Prunus Spire",
        "source": "unknown",
        "easting": 381809.9,
        "northing": 345186.44
      }
    },
    {
      "type": "Feature",
      "geometry": {
        "type": "Point",
        "coordinates": [
          -2.27396891595324,
          52.998694340426376
        ]
      },
      "properties": {
        "source_sheet": "cherries",
        "tag": 4186,
        "square": "K11",
        "species": "Flowering Cherry",
        "latin_name": "Prunus 'Mikuruma-gaeshi'",
        "planted": 2012,
        "comments": "Sato-zakura Group",
        "memorial_commemorative": "Memorial - Les and Nan Robertson",
        "source": "Witch Hazel Nursery, Kent",
        "easting": 381710.0,
        "northing": 344632.0
      }
    },
    {
      "type": "Feature",
      "geometry": {
        "type": "Point",
        "coordinates": [
          -2.27394031231498,
          52.99888317946955
        ]
      },
      "properties": {
        "source_sheet": "cherries",
        "text_needed": "X",
        "tag": 4187,
        "square": "K11",
        "species": "Flowering Cherry",
        "latin_name": "Prunus 'Hakuho'",
        "planted": 2012,
        "comments": "Sato-zakura Group",
        "memorial_commemorative": "Memorial - Kei Kui Lo (Hailey)",
        "source": "Witch Hazel Nursery, Kent",
        "easting": 381712.0,
        "northing": 344653.0
      }
    },
    {
      "type": "Feature",
      "geometry": {
        "type": "Point",
        "coordinates": [
          -2.2743125229496015,
          52.9988373746602
        ]
      },
      "properties": {
        "source_sheet": "cherries",
        "tag": 4189,
        "square": "K11",
        "species": "Flowering Cherry",
        "latin_name": "Prunus 'Sunset Boulevard'",
        "planted": 2012,
        "memorial_commemorative": "Memorial - Jo Beverley",
        "source": "Witch Hazel Nursery, Kent",
        "easting": 381687.0,
        "northing": 344648.0
      }
    },
    {
      "type": "Feature",
      "geometry": {
        "type": "Point",
        "coordinates": [
          -2.273523173903221,
          52.998893129782495
        ]
      },
      "properties": {
        "source_sheet": "cherries",
        "tag": 4191,
        "square": "K11",
        "species": "Flowering Cherry",
        "latin_name": "Prunus 'Yae-murasaki-zakura'",
        "planted": 2012,
        "comments": "Sato-zakura Group",
        "memorial_commemorative": "Memorial - Janet Waye",
        "source": "Witch Hazel Nursery, Kent",
        "easting": 381740.0,
        "northing": 344654.0
      }
    },
    {
      "type": "Feature",
      "geometry": {
        "type": "Point",
        "coordinates": [
          -2.2735230033203493,
          52.99886616259241
        ]
      },
      "properties": {
        "source_sheet": "cherries",
        "tag": 4195,
        "square": "K11",
        "species": "Flowering Cherry",
        "latin_name": "Prunus 'Taki-nioi'",
        "planted": 2012,
        "comments": "Sato-zakura Group",
        "memorial_commemorative": "Memorial - Regina Salazar",
        "source": "Witch Hazel Nursery, Kent",
        "easting": 381740.0,
        "northing": 344651.0
      }
    },
    {
      "type": "Feature",
      "geometry": {
        "type": "Point",
        "coordinates": [
          -2.2742216419096235,
          52.998603865405066
        ]
      },
      "properties": {
        "source_sheet": "cherries",
        "tag": 4196,
        "square": "K11",
        "species": "Flowering Cherry",
        "latin_name": "Prunus serrula 'Branklyn'",
        "planted": 2012,
        "memorial_commemorative": "Memorial - Tony Colduck",
        "source": "Witch Hazel Nursery, Kent",
        "easting": 381693.0,
        "northing": 344622.0
      }
    },
    {
      "type": "Feature",
      "geometry": {
        "type": "Point",
        "coordinates": [
          -2.2743740614897554,
          52.99914286515983
        ]
      },
      "properties": {
        "source_sheet": "cherries",
        "tag": 4199,
        "square": "K11",
        "species": "Flowering Cherry",
        "latin_name": "Prunus 'November Charm'",
        "planted": 2012,
        "memorial_commemorative": "Memorial - Alan John Francis",
        "source": "Witch Hazel Nursery, Kent",
        "easting": 381683.0,
        "northing": 344682.0
      }
    },
    {
      "type": "Feature",
      "geometry": {
        "type": "Point",
        "coordinates": [
          -2.274224549227865,
          52.99906230761339
        ]
      },
      "properties": {
        "source_sheet": "cherries",
        "tag": 4201,
        "square": "K11",
        "species": "Flowering Cherry",
        "latin_name": "Prunus speciosa",
        "planted": 2012,
        "memorial_commemorative": "Memorial - Ayesha Hena",
        "source": "Witch Hazel Nursery, Kent",
        "easting": 381693.0,
        "northing": 344673.0
      }
    },
    {
      "type": "Feature",
      "geometry": {
        "type": "Point",
        "coordinates": [
          -2.279945636993139,
          53.00357951721006
        ]
      },
      "properties": {
        "source_sheet": "cherries",
        "tag": 4202,
        "square": "I6",
        "species": "Flowering Cherry",
        "latin_name": "Prunus 'Beni-shigure'",
        "planted": 2012,
        "comments": "Sato-zakura Group",
        "source": "Witch Hazel Nursery, Kent",
        "easting": 381311.0,
        "northing": 345177.0
      }
    },
    {
      "type": "Feature",
      "geometry": {
        "type": "Point",
        "coordinates": [
          -2.274432177862309,
          52.99890901187723
        ]
      },
      "properties": {
        "source_sheet": "cherries",
        "tag": 4203,
        "square": "K11",
        "species": "Flowering Cherry",
        "latin_name": "Prunus x parvifolia 'Fuyu-zakura'",
        "planted": 2012,
        "memorial_commemorative": "Memorial - James Hillis Goodier",
        "source": "Witch Hazel Nursery, Kent",
        "easting": 381679.0,
        "northing": 344656.0
      }
    },
    {
      "type": "Feature",
      "geometry": {
        "type": "Point",
        "coordinates": [
          -2.274119053296992,
          52.99887377799448
        ]
      },
      "properties": {
        "source_sheet": "cherries",
        "tag": 4204,
        "square": "K11",
        "species": "Flowering Cherry",
        "latin_name": "Prunus 'Taoyame'",
        "planted": 2012,
        "comments": "Sato-zakura Group",
        "memorial_commemorative": "Memorial - Roy Jervis",
        "source": "Witch Hazel Nursery, Kent",
        "easting": 381700.0,
        "northing": 344652.0
      }
    },
    {
      "type": "Feature",
      "geometry": {
        "type": "Point",
        "coordinates": [
          -2.273868432071587,
          52.99929684811671
        ]
      },
      "properties": {
        "source_sheet": "cherries",
        "tag": 4205,
        "square": "K11",
        "species": "Flowering Cherry",
        "latin_name": "Prunus 'Hokusai'",
        "planted": 2012,
        "comments": "Sato-zakura Group",
        "memorial_commemorative": "Memorial - Iolo Francis Roberts",
        "source": "Witch Hazel Nursery, Kent",
        "easting": 381717.0,
        "northing": 344699.0
      }
    },
    {
      "type": "Feature",
      "geometry": {
        "type": "Point",
        "coordinates": [
          -2.273881567023734,
          52.999018152825315
        ]
      },
      "properties": {
        "source_sheet": "cherries",
        "tag": 4206,
        "square": "K11",
        "species": "Flowering Cherry",
        "latin_name": "Prunus 'Ojochin'",
        "planted": 2012,
        "comments": "Sato-zakura Group",
        "source": "Witch Hazel Nursery, Kent",
        "easting": 381716.0,
        "northing": 344668.0
      }
    },
    {
      "type": "Feature",
      "geometry": {
        "type": "Point",
        "coordinates": [
          -2.274105464055041,
          52.99908056081632
        ]
      },
      "properties": {
        "source_sheet": "cherries",
        "tag": 4209,
        "square": "K11",
        "species": "Flowering Cherry",
        "latin_name": "Prunus 'Matsumae-yae-kotobuki'",
        "planted": 2012,
        "comments": "Sato-zakura Group",
        "memorial_commemorative": "Memorial - David Fenton",
        "source": "Witch Hazel Nursery, Kent",
        "easting": 381701.0,
        "northing": 344675.0
      }
    },
    {
      "type": "Feature",
      "geometry": {
        "type": "Point",
        "coordinates": [
          -2.2736872996633695,
          52.998928708575924
        ]
      },
      "properties": {
        "source_sheet": "cherries",
        "tag": 4210,
        "square": "K11",
        "species": "Flowering Cherry",
        "latin_name": "Prunus 'Asahiyama'",
        "planted": 2012,
        "comments": "Sato-zakura Group",
        "source": "Witch Hazel Nursery, Kent",
        "easting": 381729.0,
        "northing": 344658.0
      }
    },
    {
      "type": "Feature",
      "geometry": {
        "type": "Point",
        "coordinates": [
          -2.2741185974202343,
          52.99880186549064
        ]
      },
      "properties": {
        "source_sheet": "cherries",
        "tag": 4211,
        "square": "K11",
        "species": "Flowering Cherry",
        "latin_name": "Prunus 'Matsumae-usugasanesomei'",
        "planted": 2012,
        "memorial_commemorative": "Memorial - Dorothy Baxter",
        "source": "Witch Hazel Nursery, Kent",
        "easting": 381700.0,
        "northing": 344644.0
      }
    },
    {
      "type": "Feature",
      "geometry": {
        "type": "Point",
        "coordinates": [
          -2.273655395098598,
          52.99859618187444
        ]
      },
      "properties": {
        "source_sheet": "cherries",
        "tag": 4212,
        "square": "K11",
        "species": "Flowering Cherry",
        "latin_name": "Prunus 'Kanzan'",
        "planted": 2012,
        "comments": "Sato-zakura Group",
        "memorial_commemorative": "Memorial - Matthew Wale",
        "synonymy_old_names": "Prunus ex Heinrich Bruns",
        "source": "Witch Hazel Nursery, Kent",
        "easting": 381731.0,
        "northing": 344621.0
      }
    },
    {
      "type": "Feature",
      "geometry": {
        "type": "Point",
        "coordinates": [
          -2.2735072506310776,
          52.9987313609432
        ]
      },
      "properties": {
        "source_sheet": "cherries",
        "text_needed": "X",
        "tag": 4213,
        "square": "K11",
        "species": "Flowering Cherry",
        "latin_name": "Prunus 'Horinji'",
        "planted": 2012,
        "comments": "Sato-zakura Group",
        "memorial_commemorative": "Memorial : Megan Rose Jenkinson",
        "source": "Witch Hazel Nursery, Kent",
        "easting": 381741.0,
        "northing": 344636.0
      }
    },
    {
      "type": "Feature",
      "geometry": {
        "type": "Point",
        "coordinates": [
          -2.274180590524659,
          52.99917926859406
        ]
      },
      "properties": {
        "source_sheet": "cherries",
        "tag": 4214,
        "square": "K11",
        "species": "Flowering Cherry",
        "latin_name": "Prunus 'Choryo'",
        "planted": 2012,
        "comments": "Sato-zakura Group",
        "memorial_commemorative": "Memorial - Sebastien Michael Williams",
        "synonymy_old_names": "Prunus Matsumae-usiogaoka",
        "source": "Witch Hazel Nursery, Kent",
        "easting": 381696.0,
        "northing": 344686.0
      }
    },
    {
      "type": "Feature",
      "geometry": {
        "type": "Point",
        "coordinates": [
          -2.2735535991134825,
          52.99899194086601
        ]
      },
      "properties": {
        "source_sheet": "cherries",
        "tag": 4215,
        "square": "K11",
        "species": "Flowering Cherry",
        "latin_name": "Prunus incisa 'Watanabe'",
        "planted": 2012,
        "memorial_commemorative": "Memorial - Judith Rowley",
        "source": "Witch Hazel Nursery, Kent",
        "easting": 381738.0,
        "northing": 344665.0
      }
    },
    {
      "type": "Feature",
      "geometry": {
        "type": "Point",
        "coordinates": [
          -2.27842505316532,
          53.003484209246125
        ]
      },
      "properties": {
        "source_sheet": "cherries",
        "tag": 4216,
        "square": "i6",
        "species": "Flowering Cherry",
        "latin_name": "Prunus 'Gotenba'",
        "planted": 2012,
        "source": "Witch Hazel Nursery, Kent",
        "easting": 381413.0,
        "northing": 345166.0
      }
    },
    {
      "type": "Feature",
      "geometry": {
        "type": "Point",
        "coordinates": [
          -2.273970111976408,
          52.99888311075287
        ]
      },
      "properties": {
        "source_sheet": "cherries",
        "tag": 4217,
        "square": "K11",
        "species": "Flowering Cherry",
        "latin_name": "Prunus speciosa",
        "planted": 2012,
        "memorial_commemorative": "Memorial - Jacob Marek Guja",
        "synonymy_old_names": "Prunus serrulata var. speciosa",
        "source": "Witch Hazel Nursery, Kent",
        "easting": 381710.0,
        "northing": 344653.0
      }
    },
    {
      "type": "Feature",
      "geometry": {
        "type": "Point",
        "coordinates": [
          -2.2738230490628393,
          52.99918908240026
        ]
      },
      "properties": {
        "source_sheet": "cherries",
        "tag": 4219,
        "square": "K11",
        "species": "Flowering Cherry",
        "latin_name": "Prunus 'Jo-nioi'",
        "planted": 2012,
        "comments": "Sato-zakura Group",
        "memorial_commemorative": "Memorial - Jacob Henry Hobman",
        "source": "Witch Hazel Nursery, Kent",
        "easting": 381720.0,
        "northing": 344687.0
      }
    },
    {
      "type": "Feature",
      "geometry": {
        "type": "Point",
        "coordinates": [
          -2.2741055210373773,
          52.999089549878924
        ]
      },
      "properties": {
        "source_sheet": "cherries",
        "tag": 4220,
        "square": "K11",
        "species": "Flowering Cherry",
        "latin_name": "Prunus 'Imose'",
        "planted": 2012,
        "memorial_commemorative": "Memorial - Marion Mitchell",
        "source": "Witch Hazel Nursery, Kent",
        "easting": 381701.0,
        "northing": 344676.0
      }
    },
    {
      "type": "Feature",
      "geometry": {
        "type": "Point",
        "coordinates": [
          -2.2745657056371247,
          52.99881881141255
        ]
      },
      "properties": {
        "source_sheet": "cherries",
        "tag": 4221,
        "square": "K11",
        "species": "Flowering Cherry",
        "latin_name": "Prunus 'Matsumae-usuyuki'",
        "planted": 2012,
        "comments": "Sato-zakura Group",
        "source": "Witch Hazel Nursery, Kent",
        "easting": 381670.0,
        "northing": 344646.0
      }
    },
    {
      "type": "Feature",
      "geometry": {
        "type": "Point",
        "coordinates": [
          -2.2739263805454546,
          52.999036027895066
        ]
      },
      "properties": {
        "source_sheet": "cherries",
        "tag": 4223,
        "square": "K11",
        "species": "Flowering Cherry",
        "latin_name": "Prunus 'Matsumae-tama-gaki'",
        "planted": 2012,
        "comments": "Sato-zakura Group",
        "memorial_commemorative": "Memorial - Rachel Green (nee Westwood)",
        "source": "Witch Hazel Nursery, Kent",
        "easting": 381713.0,
        "northing": 344670.0
      }
    },
    {
      "type": "Feature",
      "geometry": {
        "type": "Point",
        "coordinates": [
          -2.2735072506310776,
          52.9987313609432
        ]
      },
      "properties": {
        "source_sheet": "cherries",
        "tag": 4224,
        "square": "K11",
        "species": "Flowering Cherry",
        "latin_name": "Prunus 'Matsumae-yae-goromo'",
        "planted": 2012,
        "comments": "Sato-zakura Group",
        "source": "Witch Hazel Nursery, Kent",
        "easting": 381741.0,
        "northing": 344636.0
      }
    },
    {
      "type": "Feature",
      "geometry": {
        "type": "Point",
        "coordinates": [
          -2.274490750103546,
          52.99874707106097
        ]
      },
      "properties": {
        "source_sheet": "cherries",
        "tag": 4226,
        "square": "K11",
        "species": "Flowering Cherry",
        "latin_name": "Prunus itosakura 'Pendula Plena Rosea'",
        "planted": 2012,
        "memorial_commemorative": "Memorial : Eileen and Teresa Flynn",
        "synonymy_old_names": "Prunus x subhirtella Pendula Plena Rosea,",
        "source": "Witch Hazel Nursery, Kent",
        "easting": 381675.0,
        "northing": 344638.0
      }
    },
    {
      "type": "Feature",
      "geometry": {
        "type": "Point",
        "coordinates": [
          -2.2735840813375097,
          52.99909974100291
        ]
      },
      "properties": {
        "source_sheet": "cherries",
        "tag": 4229,
        "square": "K11",
        "species": "Flowering Cherry",
        "latin_name": "Prunus 'Rosa Traum'",
        "planted": 2012,
        "source": "Witch Hazel Nursery, Kent",
        "easting": 381736.0,
        "northing": 344677.0
      }
    },
    {
      "type": "Feature",
      "geometry": {
        "type": "Point",
        "coordinates": [
          -2.2737777801095396,
          52.999099294789936
        ]
      },
      "properties": {
        "source_sheet": "cherries",
        "text_needed": "X",
        "tag": 4231,
        "square": "K11",
        "species": "Flowering Cherry",
        "latin_name": "Prunus incisa 'Abondance'",
        "planted": 2012,
        "memorial_commemorative": "Memorial - Caroline Thacker (nee Miller)",
        "source": "Witch Hazel Nursery, Kent",
        "easting": 381723.0,
        "northing": 344677.0
      }
    },
    {
      "type": "Feature",
      "geometry": {
        "type": "Point",
        "coordinates": [
          -2.2740906781150545,
          52.99909857331788
        ]
      },
      "properties": {
        "source_sheet": "cherries",
        "tag": 4232,
        "square": "K11",
        "species": "Flowering Cherry",
        "latin_name": "Prunus 'Matsumae-koyuki'",
        "planted": 2012,
        "comments": "Sato-zakura Group",
        "memorial_commemorative": "Memorial - Gordon & June Thomas",
        "synonymy_old_names": "Prunus Matsumae-kofuku",
        "source": "Witch Hazel Nursery, Kent",
        "easting": 381702.0,
        "northing": 344677.0
      }
    },
    {
      "type": "Feature",
      "geometry": {
        "type": "Point",
        "coordinates": [
          -2.2736560777549903,
          52.998704050637805
        ]
      },
      "properties": {
        "source_sheet": "cherries",
        "tag": 4233,
        "square": "K11",
        "species": "Flowering Cherry",
        "latin_name": "Prunus itosakura 'Pendula Rubra'",
        "planted": 2012,
        "memorial_commemorative": "Memorial - Hayley Dickenson",
        "synonymy_old_names": "Prunus spachiana Pendula Rubra",
        "source": "Witch Hazel Nursery, Kent",
        "easting": 381731.0,
        "northing": 344633.0
      }
    },
    {
      "type": "Feature",
      "geometry": {
        "type": "Point",
        "coordinates": [
          -2.27359721806546,
          52.998821045731326
        ]
      },
      "properties": {
        "source_sheet": "cherries",
        "tag": 4235,
        "square": "K11",
        "species": "Flowering Cherry",
        "latin_name": "Prunus 'Hakuho'",
        "planted": 2012,
        "comments": "Sato-zakura Group",
        "memorial_commemorative": "Memorial : Mark Sparky Holtz",
        "synonymy_old_names": "Prunus Matsumae-hakuho",
        "source": "Witch Hazel Nursery, Kent",
        "easting": 381735.0,
        "northing": 344646.0
      }
    },
    {
      "type": "Feature",
      "geometry": {
        "type": "Point",
        "coordinates": [
          -2.273864617592578,
          52.99869458090047
        ]
      },
      "properties": {
        "source_sheet": "cherries",
        "tag": 4237,
        "square": "K11",
        "species": "Flowering Cherry",
        "latin_name": "Prunus 'Caroline'",
        "planted": 2012,
        "memorial_commemorative": "Memorial - W.W. Hanna",
        "synonymy_old_names": "Prunus x yedoensis Caroline",
        "source": "Witch Hazel Nursery, Kent",
        "easting": 381717.0,
        "northing": 344632.0
      }
    },
    {
      "type": "Feature",
      "geometry": {
        "type": "Point",
        "coordinates": [
          -2.2736998098100827,
          52.99855113358561
        ]
      },
      "properties": {
        "source_sheet": "cherries",
        "tag": 4243,
        "square": "K11",
        "species": "Flowering Cherry",
        "latin_name": "Prunus 'Tom'",
        "planted": 2012,
        "memorial_commemorative": "Memorial - Ben Elliman",
        "source": "Witch Hazel Nursery, Kent",
        "easting": 381728.0,
        "northing": 344616.0
      }
    },
    {
      "type": "Feature",
      "geometry": {
        "type": "Point",
        "coordinates": [
          -2.2738075229996877,
          52.99909023705096
        ]
      },
      "properties": {
        "source_sheet": "cherries",
        "tag": 4244,
        "square": "K11",
        "species": "Flowering Cherry",
        "latin_name": "Prunus 'Ariel von Brunning'",
        "planted": 2012,
        "memorial_commemorative": "Memorial - Catrin Pickles",
        "synonymy_old_names": "Prunus. Ariel",
        "source": "Witch Hazel Nursery, Kent",
        "easting": 381721.0,
        "northing": 344676.0
      }
    },
    {
      "type": "Feature",
      "geometry": {
        "type": "Point",
        "coordinates": [
          -2.273669953485764,
          52.998542213170516
        ]
      },
      "properties": {
        "source_sheet": "cherries",
        "tag": 4245,
        "square": "K11",
        "species": "Flowering Cherry",
        "latin_name": "Prunus speciosa 'Yae-beni-oshima'",
        "planted": 2012,
        "memorial_commemorative": "Donation - Claire Firth",
        "source": "Witch Hazel Nursery, Kent",
        "easting": 381730.0,
        "northing": 344615.0
      }
    },
    {
      "type": "Feature",
      "geometry": {
        "type": "Point",
        "coordinates": [
          -2.273670636177101,
          52.99865008193471
        ]
      },
      "properties": {
        "source_sheet": "cherries",
        "tag": 4249,
        "square": "K11",
        "species": "Flowering Cherry",
        "latin_name": "Prunus serrula 'Dorothy Clive'",
        "planted": 2012,
        "memorial_commemorative": "Donation - Ruth and Robert Eagle and Aradhna Tripati",
        "source": "Witch Hazel Nursery, Kent",
        "easting": 381730.0,
        "northing": 344627.0
      }
    },
    {
      "type": "Feature",
      "geometry": {
        "type": "Point",
        "coordinates": [
          -2.273819690606052,
          52.998658727679015
        ]
      },
      "properties": {
        "source_sheet": "cherries",
        "tag": 4250,
        "square": "K11",
        "species": "Flowering Cherry",
        "latin_name": "Prunus x subhirtella 'Fukubana'",
        "planted": 2012,
        "memorial_commemorative": "Memorial - Nicola Martin",
        "source": "Witch Hazel Nursery, Kent",
        "easting": 381720.0,
        "northing": 344628.0
      }
    },
    {
      "type": "Feature",
      "geometry": {
        "type": "Point",
        "coordinates": [
          -2.274283635622532,
          52.99898126846661
        ]
      },
      "properties": {
        "source_sheet": "cherries",
        "tag": 4252,
        "square": "K11",
        "species": "Flowering Cherry",
        "latin_name": "Prunus itosakura 'Pendula Plena Rosea'",
        "planted": 2012,
        "memorial_commemorative": "Memorial - Diane Collingwood",
        "synonymy_old_names": "Prunus spachiana Pendula Rosea",
        "source": "Witch Hazel Nursery, Kent",
        "easting": 381689.0,
        "northing": 344664.0
      }
    },
    {
      "type": "Feature",
      "geometry": {
        "type": "Point",
        "coordinates": [
          -2.2735668497469192,
          52.99873122371966
        ]
      },
      "properties": {
        "source_sheet": "cherries",
        "tag": 4253,
        "square": "K11",
        "species": "Flowering Cherry",
        "latin_name": "Prunus incisa 'Kaki' ex Choteau",
        "planted": 2012,
        "memorial_commemorative": "Memorial - Prof. Alexander Provaen Robertson",
        "source": "Witch Hazel Nursery, Kent",
        "easting": 381737.0,
        "northing": 344636.0
      }
    },
    {
      "type": "Feature",
      "geometry": {
        "type": "Point",
        "coordinates": [
          -2.2741182555139425,
          52.99874793111218
        ]
      },
      "properties": {
        "source_sheet": "cherries",
        "tag": 4254,
        "square": "K11",
        "species": "Flowering Cherry",
        "latin_name": "Prunus 'Amayadori'",
        "planted": 2012,
        "comments": "Sato-zakura Group",
        "memorial_commemorative": "Memorial - Oskar Szary",
        "source": "Witch Hazel Nursery, Kent",
        "easting": 381700.0,
        "northing": 344638.0
      }
    },
    {
      "type": "Feature",
      "geometry": {
        "type": "Point",
        "coordinates": [
          -2.2735815789074376,
          52.9987042222184
        ]
      },
      "properties": {
        "source_sheet": "cherries",
        "tag": 4255,
        "square": "K11",
        "species": "Flowering Cherry",
        "latin_name": "Prunus 'Senriko'",
        "planted": 2012,
        "comments": "Sato-zakura Group",
        "source": "Witch Hazel Nursery, Kent",
        "easting": 381736.0,
        "northing": 344633.0
      }
    },
    {
      "type": "Feature",
      "geometry": {
        "type": "Point",
        "coordinates": [
          -2.2745065629265255,
          52.99889086163813
        ]
      },
      "properties": {
        "source_sheet": "cherries",
        "tag": 4256,
        "square": "K11",
        "species": "Flowering Cherry",
        "latin_name": "Prunus 'Rebecca'",
        "planted": 2012,
        "memorial_commemorative": ":",
        "source": "Witch Hazel Nursery, Kent",
        "easting": 381674.0,
        "northing": 344654.0
      }
    },
    {
      "type": "Feature",
      "geometry": {
        "type": "Point",
        "coordinates": [
          -2.2738221382844492,
          52.99904525739583
        ]
      },
      "properties": {
        "source_sheet": "cherries",
        "tag": 4257,
        "square": "K11",
        "species": "Flowering Cherry",
        "latin_name": "Prunus 'Pink of Bray'",
        "planted": 2012,
        "memorial_commemorative": "Memorial - Laurence Chinn-Brown",
        "source": "Witch Hazel Nursery, Kent",
        "easting": 381720.0,
        "northing": 344671.0
      }
    },
    {
      "type": "Feature",
      "geometry": {
        "type": "Point",
        "coordinates": [
          -2.2738230490628393,
          52.99918908240026
        ]
      },
      "properties": {
        "source_sheet": "cherries",
        "tag": 4267,
        "square": "K11",
        "species": "Flowering Cherry",
        "latin_name": "Prunus 'Matsumae-beni-somei-goromo'",
        "planted": 2012,
        "comments": "Sato-zakura Group",
        "memorial_commemorative": "Memorial - Amy Katherine Smith",
        "source": "Witch Hazel Nursery, Kent",
        "easting": 381720.0,
        "northing": 344687.0
      }
    },
    {
      "type": "Feature",
      "geometry": {
        "type": "Point",
        "coordinates": [
          -2.273494340770009,
          52.99904601246243
        ]
      },
      "properties": {
        "source_sheet": "cherries",
        "tag": 4270,
        "square": "K11",
        "species": "Flowering Cherry",
        "latin_name": "Prunus incisa 'Mikinori'",
        "planted": 2012,
        "memorial_commemorative": "Memorial - Michael Denis Stone",
        "source": "Witch Hazel Nursery, Kent",
        "easting": 381742.0,
        "northing": 344671.0
      }
    },
    {
      "type": "Feature",
      "geometry": {
        "type": "Point",
        "coordinates": [
          -2.273923476388095,
          52.99857758567326
        ]
      },
      "properties": {
        "source_sheet": "cherries",
        "text_needed": "X",
        "tag": 4274,
        "square": "K11",
        "species": "Flowering Cherry",
        "latin_name": "Prunus sargentii (ex Waterers)",
        "planted": 2015,
        "memorial_commemorative": "Memorial - Matthew James Chalk",
        "source": "Witch Hazel Nursery, Kent",
        "easting": 381713.0,
        "northing": 344619.0
      }
    },
    {
      "type": "Feature",
      "geometry": {
        "type": "Point",
        "coordinates": [
          -2.2737179528804545,
          52.9990634758682
        ]
      },
      "properties": {
        "source_sheet": "cherries",
        "tag": 4275,
        "square": "K11",
        "species": "Flowering Cherry",
        "latin_name": "Prunus 'Early White'",
        "planted": 2013,
        "synonymy_old_names": "was nipponica var. kurilensis",
        "source": "Witch Hazel Nursery, Kent",
        "easting": 381727.0,
        "northing": 344673.0
      }
    },
    {
      "type": "Feature",
      "geometry": {
        "type": "Point",
        "coordinates": [
          -2.273819690606052,
          52.998658727679015
        ]
      },
      "properties": {
        "source_sheet": "cherries",
        "tag": 4277,
        "square": "K11",
        "species": "Flowering Cherry",
        "latin_name": "Prunus takesimensis",
        "planted": 2013,
        "memorial_commemorative": "Memorial - Ted and Doris Kay",
        "source": "Witch Hazel Nursery, Kent",
        "easting": 381720.0,
        "northing": 344628.0
      }
    },
    {
      "type": "Feature",
      "geometry": {
        "type": "Point",
        "coordinates": [
          -2.2738230490628393,
          52.99918908240026
        ]
      },
      "properties": {
        "source_sheet": "cherries",
        "text_needed": "X",
        "tag": 4279,
        "square": "K11",
        "species": "Flowering Cherry",
        "latin_name": "Prunus x yedoensis 'Akebono'",
        "planted": 2013,
        "memorial_commemorative": "Memorial - Scott Sheldon Newell",
        "source": "Witch Hazel Nursery, Kent",
        "easting": 381720.0,
        "northing": 344687.0
      }
    },
    {
      "type": "Feature",
      "geometry": {
        "type": "Point",
        "coordinates": [
          -2.2740787165448952,
          53.00214794150417
        ]
      },
      "properties": {
        "source_sheet": "cherries",
        "tag": 4283,
        "square": "L7",
        "species": "Flowering Cherry",
        "latin_name": "Prunus 'Amanogawa'",
        "planted": 2015,
        "comments": "Sato-zakura Group",
        "memorial_commemorative": "Commemoration- 25 years of Kyoto student visits",
        "source": "unknown",
        "easting": 381704.1,
        "northing": 345016.223
      }
    },
    {
      "type": "Feature",
      "geometry": {
        "type": "Point",
        "coordinates": [
          -2.2743763289483723,
          53.00213952386145
        ]
      },
      "properties": {
        "source_sheet": "cherries",
        "tag": 4285,
        "square": "K7",
        "species": "Flowering Cherry",
        "latin_name": "Prunus 'Amanogawa'",
        "planted": 2015,
        "comments": "Sato-zakura Group",
        "memorial_commemorative": "Commemoration- 25 years of Kyoto student visits",
        "source": "unknown",
        "easting": 381684.124,
        "northing": 345015.363
      }
    },
    {
      "type": "Feature",
      "geometry": {
        "type": "Point",
        "coordinates": [
          -2.2747518248976246,
          53.00213270524706
        ]
      },
      "properties": {
        "source_sheet": "cherries",
        "tag": 4287,
        "square": "K7",
        "species": "Flowering Cherry",
        "latin_name": "Prunus 'Amanogawa'",
        "planted": 2015,
        "comments": "Sato-zakura Group",
        "memorial_commemorative": "Commemoration- 25 years of Kyoto student visits",
        "source": "unknown",
        "easting": 381658.922,
        "northing": 345014.701
      }
    },
    {
      "type": "Feature",
      "geometry": {
        "type": "Point",
        "coordinates": [
          -2.2742992767779495,
          52.99909809187911
        ]
      },
      "properties": {
        "source_sheet": "cherries",
        "photo_needed": "X",
        "text_needed": "X",
        "tag": 4289,
        "square": "K11",
        "species": "Flowering Cherry",
        "latin_name": "Prunus sargentii (ex Russell)",
        "planted": 2015,
        "source": "Witch Hazel Nursery, Kent",
        "easting": 381688.0,
        "northing": 344677.0
      }
    },
    {
      "type": "Feature",
      "geometry": {
        "type": "Point",
        "coordinates": [
          -2.273998943322242,
          52.99873022795572
        ]
      },
      "properties": {
        "source_sheet": "cherries",
        "tag": 4290,
        "square": "K11",
        "species": "Flowering Cherry",
        "latin_name": "Prunus 'Pink Favourite'",
        "planted": 2013,
        "memorial_commemorative": "Memorial - Shallimar Ward",
        "source": "Witch Hazel Nursery, Kent",
        "easting": 381708.0,
        "northing": 344636.0
      }
    },
    {
      "type": "Feature",
      "geometry": {
        "type": "Point",
        "coordinates": [
          -2.2751065117482665,
          53.004148150386214
        ]
      },
      "properties": {
        "source_sheet": "cherries",
        "text_needed": "X",
        "tag": 4293,
        "square": "K5",
        "species": "Flowering Cherry",
        "latin_name": "Prunus 'Tiltstone Hellfire’",
        "planted": 2015,
        "memorial_commemorative": "Commemoration - Audrey Newsome 1963-84",
        "source": "Witch Hazel Nursery, Kent",
        "easting": 381635.98,
        "northing": 345239.0
      }
    },
    {
      "type": "Feature",
      "geometry": {
        "type": "Point",
        "coordinates": [
          -2.273972617973169,
          52.99927862951256
        ]
      },
      "properties": {
        "source_sheet": "cherries",
        "text_needed": "X",
        "tag": 4294,
        "square": "K11",
        "species": "Flowering Cherry",
        "latin_name": "Prunus sp H13805",
        "planted": 2015,
        "memorial_commemorative": "Memorial : Keith Philip Johnson",
        "source": "Witch Hazel Nursery, Kent",
        "easting": 381710.0,
        "northing": 344697.0
      }
    },
    {
      "type": "Feature",
      "geometry": {
        "type": "Point",
        "coordinates": [
          -2.2739577180063173,
          52.99927866387233
        ]
      },
      "properties": {
        "source_sheet": "cherries",
        "text_needed": "X",
        "tag": 4295,
        "square": "K11",
        "species": "Flowering Cherry",
        "latin_name": "Prunus sp H13816",
        "planted": 2015,
        "memorial_commemorative": "Memorial :Pauline Ann Johnson",
        "source": "Witch Hazel Nursery, Kent",
        "easting": 381711.0,
        "northing": 344697.0
      }
    },
    {
      "type": "Feature",
      "geometry": {
        "type": "Point",
        "coordinates": [
          -2.274057630888323,
          52.99858626547298
        ]
      },
      "properties": {
        "source_sheet": "cherries",
        "text_needed": "X",
        "tag": 4299,
        "square": "K11",
        "species": "Flowering Cherry",
        "latin_name": "Prunus 'Pink Cloud'",
        "planted": 2015,
        "memorial_commemorative": "Memorial - Michael Knight",
        "source": "Witch Hazel Nursery, Kent",
        "easting": 381704.0,
        "northing": 344620.0
      }
    },
    {
      "type": "Feature",
      "geometry": {
        "type": "Point",
        "coordinates": [
          -2.2738230490628393,
          52.99918908240026
        ]
      },
      "properties": {
        "source_sheet": "cherries",
        "tag": 4300,
        "square": "K11",
        "species": "Flowering Cherry",
        "latin_name": "Prunus dielsiana",
        "planted": 2015,
        "memorial_commemorative": "Memorial - Dorothy Raja Townshend",
        "source": "Witch Hazel Nursery, Kent",
        "easting": 381720.0,
        "northing": 344687.0
      }
    },
    {
      "type": "Feature",
      "geometry": {
        "type": "Point",
        "coordinates": [
          -2.27464323063887,
          52.99929505951456
        ]
      },
      "properties": {
        "source_sheet": "cherries",
        "tag": 4301,
        "square": "K11",
        "species": "Flowering Cherry",
        "latin_name": "Prunus 'Shogetsu'",
        "planted": 2015,
        "comments": "Sato-zakura Group",
        "memorial_commemorative": "Memorial - Annis & Anthony Flew",
        "source": "Witch Hazel Nursery, Kent",
        "easting": 381665.0,
        "northing": 344699.0
      }
    },
    {
      "type": "Feature",
      "geometry": {
        "type": "Point",
        "coordinates": [
          -2.279812338510205,
          53.00370567985269
        ]
      },
      "properties": {
        "source_sheet": "cherries",
        "tag": 4302,
        "square": "H6",
        "species": "Flowering Cherry",
        "latin_name": "Prunus 'Agnes'",
        "planted": 2017,
        "source": "Witch Hazel Nursery, Kent",
        "easting": 381320.0,
        "northing": 345191.0
      }
    },
    {
      "type": "Feature",
      "geometry": {
        "type": "Point",
        "coordinates": [
          -2.2795586064107547,
          53.00364335282741
        ]
      },
      "properties": {
        "source_sheet": "cherries",
        "photo_needed": "X",
        "text_needed": "X",
        "tag": 4303,
        "square": "H6",
        "species": "Flowering Cherry",
        "latin_name": "Prunus leveilleana 'Sakunami-yama'",
        "planted": 2017,
        "source": "Witch Hazel Nursery, Kent",
        "easting": 381337.0,
        "northing": 345184.0
      }
    },
    {
      "type": "Feature",
      "geometry": {
        "type": "Point",
        "coordinates": [
          -2.279559129532178,
          53.00372425429066
        ]
      },
      "properties": {
        "source_sheet": "cherries",
        "tag": 4305,
        "square": "H6",
        "species": "Flowering Cherry",
        "latin_name": "Prunus 'Martine'",
        "planted": 2017,
        "source": "Witch Hazel Nursery, Kent",
        "easting": 381337.0,
        "northing": 345193.0
      }
    },
    {
      "type": "Feature",
      "geometry": {
        "type": "Point",
        "coordinates": [
          -2.2792758270109084,
          53.003697952989754
        ]
      },
      "properties": {
        "source_sheet": "cherries",
        "tag": 4307,
        "square": "H6",
        "species": "Flowering Cherry",
        "latin_name": "Prunus 'Eos'",
        "planted": 2017,
        "synonymy_old_names": "Prunus incisa Eos",
        "source": "Witch Hazel Nursery, Kent",
        "easting": 381356.0,
        "northing": 345190.0
      }
    },
    {
      "type": "Feature",
      "geometry": {
        "type": "Point",
        "coordinates": [
          -2.2788878086235003,
          53.00360897254495
        ]
      },
      "properties": {
        "source_sheet": "cherries",
        "tag": 4309,
        "square": "H6",
        "species": "Flowering Cherry",
        "latin_name": "Prunus 'Inana'",
        "planted": 2017,
        "source": "Witch Hazel Nursery, Kent",
        "easting": 381382.0,
        "northing": 345180.0
      }
    },
    {
      "type": "Feature",
      "geometry": {
        "type": "Point",
        "coordinates": [
          -2.2786194087022054,
          53.003582634698795
        ]
      },
      "properties": {
        "source_sheet": "cherries",
        "tag": 4310,
        "square": "H6",
        "species": "Flowering Cherry",
        "latin_name": "Prunus 'Saladin'",
        "planted": 2017,
        "source": "Witch Hazel Nursery, Kent",
        "easting": 381400.0,
        "northing": 345177.0
      }
    },
    {
      "type": "Feature",
      "geometry": {
        "type": "Point",
        "coordinates": [
          -2.2784254583867662,
          53.00354713261432
        ]
      },
      "properties": {
        "source_sheet": "cherries",
        "tag": 4311,
        "square": "H6",
        "species": "Flowering Cherry",
        "latin_name": "Prunus 'Catherine'",
        "planted": 2017,
        "source": "Witch Hazel Nursery, Kent",
        "easting": 381413.0,
        "northing": 345173.0
      }
    },
    {
      "type": "Feature",
      "geometry": {
        "type": "Point",
        "coordinates": [
          -2.278261369080952,
          53.00352054946939
        ]
      },
      "properties": {
        "source_sheet": "cherries",
        "photo_needed": "X",
        "text_needed": "X",
        "tag": 4312,
        "square": "H6",
        "species": "Flowering Cherry",
        "latin_name": "Prunus incisa 'Zdenka'",
        "planted": 2017,
        "source": "Witch Hazel Nursery, Kent",
        "easting": 381424.0,
        "northing": 345170.0
      }
    },
    {
      "type": "Feature",
      "geometry": {
        "type": "Point",
        "coordinates": [
          -2.2779330177125408,
          53.00344041533993
        ]
      },
      "properties": {
        "source_sheet": "cherries",
        "tag": 4314,
        "square": "H6",
        "species": "Flowering Cherry",
        "latin_name": "Prunus 'Georges'",
        "planted": 2017,
        "source": "Witch Hazel Nursery, Kent",
        "easting": 381446.0,
        "northing": 345161.0
      }
    },
    {
      "type": "Feature",
      "geometry": {
        "type": "Point",
        "coordinates": [
          -2.2796042990765204,
          53.00379606150478
        ]
      },
      "properties": {
        "source_sheet": "cherries",
        "tag": 4315,
        "square": "H6",
        "species": "Flowering Cherry",
        "latin_name": "Prunus 'Diane'",
        "planted": 2017,
        "source": "Witch Hazel Nursery, Kent",
        "easting": 381334.0,
        "northing": 345201.0
      }
    },
    {
      "type": "Feature",
      "geometry": {
        "type": "Point",
        "coordinates": [
          -2.2795449836257715,
          53.00384114701977
        ]
      },
      "properties": {
        "source_sheet": "cherries",
        "tag": 4316,
        "square": "H6",
        "species": "Flowering Cherry",
        "latin_name": "Prunus 'Paean'",
        "planted": 2017,
        "synonymy_old_names": "Prunus incisa Paean",
        "source": "Witch Hazel Nursery, Kent",
        "easting": 381338.0,
        "northing": 345206.0
      }
    },
    {
      "type": "Feature",
      "geometry": {
        "type": "Point",
        "coordinates": [
          -2.2778294011272786,
          53.00354852794283
        ]
      },
      "properties": {
        "source_sheet": "cherries",
        "tag": 4318,
        "square": "H6",
        "species": "Flowering Cherry",
        "latin_name": "Prunus 'Thibaud'",
        "planted": 2017,
        "source": "Witch Hazel Nursery, Kent",
        "easting": 381453.0,
        "northing": 345173.0
      }
    },
    {
      "type": "Feature",
      "geometry": {
        "type": "Point",
        "coordinates": [
          -2.2791570214444197,
          53.00376115650942
        ]
      },
      "properties": {
        "source_sheet": "cherries",
        "photo_needed": "X",
        "text_needed": "X",
        "tag": 4321,
        "square": "H6",
        "species": "Flowering Cherry",
        "latin_name": "Prunus itosakura",
        "planted": 2018,
        "synonymy_old_names": "Prunus (Weeping ex Nara-Vernon)",
        "source": "Witch Hazel Nursery, Kent",
        "easting": 381364.0,
        "northing": 345197.0
      }
    },
    {
      "type": "Feature",
      "geometry": {
        "type": "Point",
        "coordinates": [
          -2.2792914253220684,
          53.00380578658056
        ]
      },
      "properties": {
        "source_sheet": "cherries",
        "tag": 4322,
        "square": "H6",
        "species": "Flowering Cherry",
        "latin_name": "Prunus 'Quinquin'",
        "planted": 2018,
        "source": "Witch Hazel Nursery, Kent",
        "easting": 381355.0,
        "northing": 345202.0
      }
    },
    {
      "type": "Feature",
      "geometry": {
        "type": "Point",
        "coordinates": [
          -2.279455283924062,
          53.00379641209522
        ]
      },
      "properties": {
        "source_sheet": "cherries",
        "tag": 4323,
        "square": "H6",
        "species": "Flowering Cherry",
        "latin_name": "Prunus cerasus 'May Cloud'",
        "planted": 2018,
        "source": "Witch Hazel Nursery, Kent",
        "easting": 381344.0,
        "northing": 345201.0
      }
    },
    {
      "type": "Feature",
      "geometry": {
        "type": "Point",
        "coordinates": [
          -2.2797231622425826,
          53.00374184659068
        ]
      },
      "properties": {
        "source_sheet": "cherries",
        "photo_needed": "X",
        "text_needed": "X",
        "tag": 4324,
        "square": "H6",
        "species": "Flowering Cherry",
        "latin_name": "Prunus 'Oshiba-yama'",
        "planted": 2018,
        "comments": "Sato-zakura Group",
        "source": "Witch Hazel Nursery, Kent",
        "easting": 381326.0,
        "northing": 345195.0
      }
    },
    {
      "type": "Feature",
      "geometry": {
        "type": "Point",
        "coordinates": [
          -2.279560233907877,
          53.00389504626501
        ]
      },
      "properties": {
        "source_sheet": "cherries",
        "text_needed": "X",
        "tag": 4325,
        "square": "H6",
        "species": "Flowering Cherry",
        "latin_name": "Prunus 'Haku-unkaku' (ex. Morris Arboretum)",
        "planted": 2018,
        "comments": "Sato-zakura Group",
        "source": "Witch Hazel Nursery, Kent",
        "easting": 381337.0,
        "northing": 345212.0
      }
    },
    {
      "type": "Feature",
      "geometry": {
        "type": "Point",
        "coordinates": [
          -2.279456213581206,
          53.00394023691558
        ]
      },
      "properties": {
        "source_sheet": "cherries",
        "text_needed": "X",
        "tag": 4326,
        "square": "H6",
        "species": "Flowering Cherry",
        "latin_name": "Prunus 'Sendai-shidare'",
        "planted": 2018,
        "memorial_commemorative": "Memorial - Gurinak Singh Johal",
        "source": "Witch Hazel Nursery, Kent",
        "easting": 381344.0,
        "northing": 345217.0
      }
    },
    {
      "type": "Feature",
      "geometry": {
        "type": "Point",
        "coordinates": [
          -2.279351554133613,
          53.00388654791136
        ]
      },
      "properties": {
        "source_sheet": "cherries",
        "text_needed": "X",
        "tag": 4327,
        "square": "H6",
        "species": "Flowering Cherry",
        "latin_name": "Prunus 'Higurashi'",
        "planted": 2018,
        "comments": "Sato-zakura Group",
        "synonymy_old_names": "Prunus Higusashi",
        "source": "Witch Hazel Nursery, Kent",
        "easting": 381351.0,
        "northing": 345211.0
      }
    },
    {
      "type": "Feature",
      "geometry": {
        "type": "Point",
        "coordinates": [
          -2.2792470691261006,
          53.00385982596861
        ]
      },
      "properties": {
        "source_sheet": "cherries",
        "tag": 4328,
        "square": "H6",
        "species": "Flowering Cherry",
        "latin_name": "Prunus 'Mercedes'",
        "planted": 2018,
        "source": "Witch Hazel Nursery, Kent",
        "easting": 381358.0,
        "northing": 345208.0
      }
    },
    {
      "type": "Feature",
      "geometry": {
        "type": "Point",
        "coordinates": [
          -2.2797671687158396,
          53.003633872716826
        ]
      },
      "properties": {
        "source_sheet": "cherries",
        "tag": 4329,
        "square": "H6",
        "species": "Flowering Cherry",
        "latin_name": "Prunus 'Manoga'",
        "planted": 2018,
        "comments": "Sato-zakura Group",
        "source": "Witch Hazel Nursery, Kent",
        "easting": 381323.0,
        "northing": 345183.0
      }
    },
    {
      "type": "Feature",
      "geometry": {
        "type": "Point",
        "coordinates": [
          -2.2795732172359013,
          53.0035983725061
        ]
      },
      "properties": {
        "source_sheet": "cherries",
        "tag": 4330,
        "square": "H6",
        "species": "Flowering Cherry",
        "latin_name": "Prunus H26238",
        "planted": 2018,
        "synonymy_old_names": "Prunus incisa Early Pink",
        "source": "Witch Hazel Nursery, Kent",
        "easting": 381336.0,
        "northing": 345179.0
      }
    },
    {
      "type": "Feature",
      "geometry": {
        "type": "Point",
        "coordinates": [
          -2.274101931209553,
          52.99852323890748
        ]
      },
      "properties": {
        "source_sheet": "cherries",
        "tag": 4335,
        "square": "K11",
        "species": "Flowering Cherry",
        "latin_name": "Prunus 'Amanogawa'",
        "planted": 2018,
        "comments": "Sato-zakura Group",
        "memorial_commemorative": "Memorial - Bernard Latham",
        "source": "unknown",
        "easting": 381701.0,
        "northing": 344613.0
      }
    },
    {
      "type": "Feature",
      "geometry": {
        "type": "Point",
        "coordinates": [
          -2.2794549353046785,
          53.00374247778667
        ]
      },
      "properties": {
        "source_sheet": "cherries",
        "tag": 4336,
        "square": "H6",
        "species": "Flowering Cherry",
        "latin_name": "Prunus 'Oshiba-yama'",
        "planted": 2019,
        "source": "Witch Hazel Nursery, Kent",
        "easting": 381344.0,
        "northing": 345195.0
      }
    },
    {
      "type": "Feature",
      "geometry": {
        "type": "Point",
        "coordinates": [
          -2.2739869483591617,
          52.99918870452616
        ]
      },
      "properties": {
        "source_sheet": "cherries",
        "tag": 4340,
        "square": "K11",
        "species": "Flowering Cherry",
        "latin_name": "Prunus 'Mercedes'",
        "planted": 2019,
        "source": "Witch Hazel Nursery, Kent",
        "easting": 381709.0,
        "northing": 344687.0
      }
    },
    {
      "type": "Feature",
      "geometry": {
        "type": "Point",
        "coordinates": [
          -2.2745046982606025,
          53.004538043761016
        ]
      },
      "properties": {
        "source_sheet": "cherries",
        "tag": 2322,
        "square": "K5",
        "species": "Flowering Cherry",
        "latin_name": "Prunus avium 'Plena'",
        "easting": 381676.53125,
        "northing": 345282.21875
      }
    },
    {
      "type": "Feature",
      "geometry": {
        "type": "Point",
        "coordinates": [
          -2.274441741950233,
          53.00458278679963
        ]
      },
      "properties": {
        "source_sheet": "cherries",
        "tag": 2323,
        "square": "K4",
        "species": "Flowering Cherry",
        "latin_name": "Prunus avium 'Plena'",
        "easting": 381680.775,
        "northing": 345287.18
      }
    },
    {
      "type": "Feature",
      "geometry": {
        "type": "Point",
        "coordinates": [
          -2.2744880940872143,
          53.00461907693441
        ]
      },
      "properties": {
        "source_sheet": "cherries",
        "tag": 2324,
        "square": "K4",
        "species": "Flowering Cherry",
        "latin_name": "Prunus avium 'Plena'",
        "easting": 381677.68,
        "northing": 345291.229
      }
    },
    {
      "type": "Feature",
      "geometry": {
        "type": "Point",
        "coordinates": [
          -2.2745389247500145,
          53.004647801291824
        ]
      },
      "properties": {
        "source_sheet": "cherries",
        "tag": 2325,
        "square": "K4",
        "species": "Flowering Cherry",
        "latin_name": "Prunus avium 'Plena'",
        "easting": 381674.28125,
        "northing": 345294.4375
      }
    },
    {
      "type": "Feature",
      "geometry": {
        "type": "Point",
        "coordinates": [
          -2.274609026812102,
          53.00468696697177
        ]
      },
      "properties": {
        "source_sheet": "cherries",
        "tag": 2326,
        "square": "K4",
        "species": "Flowering Cherry",
        "latin_name": "Prunus avium 'Plena'",
        "memorial_commemorative": "Memorial : David Whitlock student (2008-2010)",
        "easting": 381669.59375,
        "northing": 345298.8125
      }
    },
    {
      "type": "Feature",
      "geometry": {
        "type": "Point",
        "coordinates": [
          -2.2747704262915565,
          53.004802891405824
        ]
      },
      "properties": {
        "source_sheet": "cherries",
        "tag": 2330,
        "square": "K4",
        "species": "Flowering Cherry",
        "latin_name": "Prunus sp",
        "easting": 381658.8125,
        "northing": 345311.75
      }
    },
    {
      "type": "Feature",
      "geometry": {
        "type": "Point",
        "coordinates": [
          -2.2740852954802033,
          53.00449322336272
        ]
      },
      "properties": {
        "source_sheet": "cherries",
        "tag": 2668,
        "square": "L5",
        "species": "Flowering Cherry",
        "latin_name": "Prunus avium 'Plena'",
        "easting": 381704.65625,
        "northing": 345277.125
      }
    },
    {
      "type": "Feature",
      "geometry": {
        "type": "Point",
        "coordinates": [
          -2.274172894995118,
          53.00450116769524
        ]
      },
      "properties": {
        "source_sheet": "cherries",
        "tag": 2670,
        "square": "L5",
        "species": "Flowering Cherry",
        "latin_name": "Prunus avium",
        "easting": 381698.78125,
        "northing": 345278.03125
      }
    },
    {
      "type": "Feature",
      "geometry": {
        "type": "Point",
        "coordinates": [
          -2.274224494618534,
          53.0044867220949
        ]
      },
      "properties": {
        "source_sheet": "cherries",
        "tag": 2671,
        "square": "L5",
        "species": "Flowering Cherry",
        "latin_name": "Prunus avium 'Plena'",
        "easting": 381695.3125,
        "northing": 345276.4375
      }
    },
    {
      "type": "Feature",
      "geometry": {
        "type": "Point",
        "coordinates": [
          -2.2724122261019115,
          53.00431379971093
        ]
      },
      "properties": {
        "source_sheet": "cherries",
        "tag": 2747,
        "square": "M5",
        "species": "Flowering Cherry",
        "latin_name": "Prunus avium 'Plena'",
        "easting": 381816.852,
        "northing": 345256.737
      }
    },
    {
      "type": "Feature",
      "geometry": {
        "type": "Point",
        "coordinates": [
          -2.2723064647882265,
          53.00430632044854
        ]
      },
      "properties": {
        "source_sheet": "cherries",
        "tag": 2749,
        "square": "M5",
        "species": "Flowering Cherry",
        "latin_name": "Prunus avium 'Plena'",
        "easting": 381823.946,
        "northing": 345255.878
      }
    },
    {
      "type": "Feature",
      "geometry": {
        "type": "Point",
        "coordinates": [
          -2.2722902158370393,
          53.00434797761949
        ]
      },
      "properties": {
        "source_sheet": "cherries",
        "tag": 2750,
        "square": "M5",
        "species": "Flowering Cherry",
        "latin_name": "Prunus avium 'Plena'",
        "easting": 381825.054,
        "northing": 345260.508
      }
    },
    {
      "type": "Feature",
      "geometry": {
        "type": "Point",
        "coordinates": [
          -2.2722260261086333,
          53.00433028118029
        ]
      },
      "properties": {
        "source_sheet": "cherries",
        "tag": 2751,
        "square": "M5",
        "species": "Flowering Cherry",
        "latin_name": "Prunus avium 'Plena'",
        "easting": 381829.354,
        "northing": 345258.523
      }
    },
    {
      "type": "Feature",
      "geometry": {
        "type": "Point",
        "coordinates": [
          -2.27216996647152,
          53.00434943972195
        ]
      },
      "properties": {
        "source_sheet": "cherries",
        "tag": 2752,
        "square": "M5",
        "species": "Flowering Cherry",
        "latin_name": "Prunus avium 'Plena'",
        "easting": 381833.124,
        "northing": 345260.64
      }
    },
    {
      "type": "Feature",
      "geometry": {
        "type": "Point",
        "coordinates": [
          -2.2721306263873884,
          53.004363804663186
        ]
      },
      "properties": {
        "source_sheet": "cherries",
        "tag": 2753,
        "square": "M5",
        "species": "Flowering Cherry",
        "latin_name": "Prunus avium 'Plena'",
        "easting": 381835.77,
        "northing": 345262.228
      }
    },
    {
      "type": "Feature",
      "geometry": {
        "type": "Point",
        "coordinates": [
          -2.2720883319450906,
          53.0043775740818
        ]
      },
      "properties": {
        "source_sheet": "cherries",
        "tag": 2754,
        "square": "M5",
        "species": "Flowering Cherry",
        "latin_name": "Prunus avium 'Plena'",
        "easting": 381838.614,
        "northing": 345263.749
      }
    },
    {
      "type": "Feature",
      "geometry": {
        "type": "Point",
        "coordinates": [
          -2.2720302864656436,
          53.004396134829754
        ]
      },
      "properties": {
        "source_sheet": "cherries",
        "tag": 2755,
        "square": "M5",
        "species": "Flowering Cherry",
        "latin_name": "Prunus avium 'Plena'",
        "easting": 381842.517,
        "northing": 345265.799
      }
    },
    {
      "type": "Feature",
      "geometry": {
        "type": "Point",
        "coordinates": [
          -2.2719683405810285,
          53.00442006203241
        ]
      },
      "properties": {
        "source_sheet": "cherries",
        "tag": 2756,
        "square": "M5",
        "species": "Flowering Cherry",
        "latin_name": "Prunus avium 'Plena'",
        "easting": 381846.684,
        "northing": 345268.445
      }
    },
    {
      "type": "Feature",
      "geometry": {
        "type": "Point",
        "coordinates": [
          -2.2719014397046795,
          53.004440431835874
        ]
      },
      "properties": {
        "source_sheet": "cherries",
        "tag": 2757,
        "square": "M5",
        "species": "Flowering Cherry",
        "latin_name": "Prunus avium 'Plena'",
        "easting": 381851.182,
        "northing": 345270.694
      }
    },
    {
      "type": "Feature",
      "geometry": {
        "type": "Point",
        "coordinates": [
          -2.2718325941727113,
          53.00446437475753
        ]
      },
      "properties": {
        "source_sheet": "cherries",
        "tag": 2758,
        "square": "M5",
        "species": "Flowering Cherry",
        "latin_name": "Prunus avium 'Plena'",
        "easting": 381855.812,
        "northing": 345273.34
      }
    },
    {
      "type": "Feature",
      "geometry": {
        "type": "Point",
        "coordinates": [
          -2.2717538798678247,
          53.004487746926316
        ]
      },
      "properties": {
        "source_sheet": "cherries",
        "tag": 2759,
        "square": "M5",
        "species": "Flowering Cherry",
        "latin_name": "Prunus avium 'Plena'",
        "easting": 381861.104,
        "northing": 345275.92
      }
    },
    {
      "type": "Feature",
      "geometry": {
        "type": "Point",
        "coordinates": [
          -2.269842994748389,
          53.00562939147192
        ]
      },
      "properties": {
        "source_sheet": "cherries",
        "tag": 2786,
        "square": "N4",
        "species": "Flowering Cherry",
        "latin_name": "Prunus avium",
        "easting": 381989.8125,
        "northing": 345402.4375
      }
    },
    {
      "type": "Feature",
      "geometry": {
        "type": "Point",
        "coordinates": [
          -2.2698792275683086,
          53.00561470175088
        ]
      },
      "properties": {
        "source_sheet": "cherries",
        "tag": 2787,
        "square": "N4",
        "species": "Flowering Cherry",
        "latin_name": "Prunus avium",
        "easting": 381987.375,
        "northing": 345400.8125
      }
    },
    {
      "type": "Feature",
      "geometry": {
        "type": "Point",
        "coordinates": [
          -2.269908753847735,
          53.00564469225916
        ]
      },
      "properties": {
        "source_sheet": "cherries",
        "tag": 2788,
        "square": "N4",
        "species": "Flowering Cherry",
        "latin_name": "Prunus avium",
        "easting": 381985.40625,
        "northing": 345404.15625
      }
    },
    {
      "type": "Feature",
      "geometry": {
        "type": "Point",
        "coordinates": [
          -2.2701191358742885,
          53.005924564280825
        ]
      },
      "properties": {
        "source_sheet": "cherries",
        "tag": 2789,
        "square": "N3",
        "species": "Flowering Cherry",
        "latin_name": "Prunus avium",
        "easting": 381971.40625,
        "northing": 345435.34375
      }
    },
    {
      "type": "Feature",
      "geometry": {
        "type": "Point",
        "coordinates": [
          -2.270054042022305,
          53.00594128606202
        ]
      },
      "properties": {
        "source_sheet": "cherries",
        "tag": 2790,
        "square": "N3",
        "species": "Flowering Cherry",
        "latin_name": "Prunus avium",
        "easting": 381975.78125,
        "northing": 345437.1875
      }
    },
    {
      "type": "Feature",
      "geometry": {
        "type": "Point",
        "coordinates": [
          -2.2701581201017023,
          53.00575396207708
        ]
      },
      "properties": {
        "source_sheet": "cherries",
        "tag": 2792,
        "square": "N3",
        "species": "Flowering Cherry",
        "latin_name": "Prunus avium",
        "easting": 381968.71875,
        "northing": 345416.375
      }
    },
    {
      "type": "Feature",
      "geometry": {
        "type": "Point",
        "coordinates": [
          -2.270158792643975,
          53.00556350222678
        ]
      },
      "properties": {
        "source_sheet": "cherries",
        "tag": 2794,
        "square": "N3",
        "species": "Flowering Cherry",
        "latin_name": "Prunus avium",
        "easting": 381968.59375,
        "northing": 345395.1875
      }
    },
    {
      "type": "Feature",
      "geometry": {
        "type": "Point",
        "coordinates": [
          -2.2699542258365546,
          53.005394296371456
        ]
      },
      "properties": {
        "source_sheet": "cherries",
        "tag": 2795,
        "square": "N3",
        "species": "Flowering Cherry",
        "latin_name": "Prunus avium",
        "easting": 381982.25,
        "northing": 345376.3125
      }
    },
    {
      "type": "Feature",
      "geometry": {
        "type": "Point",
        "coordinates": [
          -2.270009711363295,
          53.00540512585409
        ]
      },
      "properties": {
        "source_sheet": "cherries",
        "tag": 2796,
        "square": "N3",
        "species": "Flowering Cherry",
        "latin_name": "Prunus avium",
        "easting": 381978.53125,
        "northing": 345377.53125
      }
    },
    {
      "type": "Feature",
      "geometry": {
        "type": "Point",
        "coordinates": [
          -2.2705456372233117,
          53.00285097570214
        ]
      },
      "properties": {
        "source_sheet": "cherries",
        "tag": 2836,
        "square": "N6",
        "species": "Norway Maple",
        "latin_name": "Prunus avium 'Plena'",
        "easting": 381941.496,
        "northing": 345093.531
      }
    },
    {
      "type": "Feature",
      "geometry": {
        "type": "Point",
        "coordinates": [
          -2.2704618005251005,
          53.002810265781
        ]
      },
      "properties": {
        "source_sheet": "cherries",
        "tag": 2838,
        "square": "N6",
        "species": "Flowering Cherry",
        "latin_name": "Prunus avium 'Plena'",
        "easting": 381947.105,
        "northing": 345088.981
      }
    },
    {
      "type": "Feature",
      "geometry": {
        "type": "Point",
        "coordinates": [
          -2.269600168801014,
          53.00238681308707
        ]
      },
      "properties": {
        "source_sheet": "cherries",
        "tag": 2865,
        "square": "O7",
        "species": "Flowering Cherry",
        "latin_name": "Prunus avium 'Plena'",
        "easting": 382004.75,
        "northing": 345041.65625
      }
    },
    {
      "type": "Feature",
      "geometry": {
        "type": "Point",
        "coordinates": [
          -2.2692772484672368,
          53.00212798262473
        ]
      },
      "properties": {
        "source_sheet": "cherries",
        "tag": 2882,
        "square": "O7",
        "species": "Flowering Cherry",
        "latin_name": "Prunus avium 'Plena'",
        "easting": 382026.3125,
        "northing": 345012.78125
      }
    },
    {
      "type": "Feature",
      "geometry": {
        "type": "Point",
        "coordinates": [
          -2.2693558373741225,
          53.002110668833076
        ]
      },
      "properties": {
        "source_sheet": "cherries",
        "tag": 2883,
        "square": "O7",
        "species": "Flowering Cherry",
        "latin_name": "Prunus avium 'Plena'",
        "easting": 382021.03125,
        "northing": 345010.875
      }
    },
    {
      "type": "Feature",
      "geometry": {
        "type": "Point",
        "coordinates": [
          -2.2683870250947074,
          53.001547385226935
        ]
      },
      "properties": {
        "source_sheet": "cherries",
        "tag": 2966,
        "square": "O8",
        "species": "Flowering Cherry",
        "latin_name": "Prunus 'Kanzan'",
        "easting": 382085.8125,
        "northing": 344947.96875
      }
    },
    {
      "type": "Feature",
      "geometry": {
        "type": "Point",
        "coordinates": [
          -2.2684566561027304,
          53.001512394797025
        ]
      },
      "properties": {
        "source_sheet": "cherries",
        "tag": 2967,
        "square": "O8",
        "species": "Flowering Cherry",
        "latin_name": "Prunus 'Kanzan'",
        "easting": 382081.125,
        "northing": 344944.09375
      }
    },
    {
      "type": "Feature",
      "geometry": {
        "type": "Point",
        "coordinates": [
          -2.268238386254622,
          53.00138198274237
        ]
      },
      "properties": {
        "source_sheet": "cherries",
        "tag": 2969,
        "square": "O8",
        "species": "Flowering Cherry",
        "latin_name": "Prunus 'Kanzan'",
        "easting": 382095.71875,
        "northing": 344929.53125
      }
    },
    {
      "type": "Feature",
      "geometry": {
        "type": "Point",
        "coordinates": [
          -2.267876321874732,
          53.0014165091286
        ]
      },
      "properties": {
        "source_sheet": "cherries",
        "tag": 2970,
        "square": "P8",
        "species": "Flowering Cherry",
        "latin_name": "Prunus 'Kanzan'",
        "easting": 382120.03125,
        "northing": 344933.28125
      }
    },
    {
      "type": "Feature",
      "geometry": {
        "type": "Point",
        "coordinates": [
          -2.2679175242609073,
          53.00137765034032
        ]
      },
      "properties": {
        "source_sheet": "cherries",
        "tag": 2972,
        "square": "P8",
        "species": "Flowering Cherry",
        "latin_name": "Prunus 'Kanzan'",
        "easting": 382117.25,
        "northing": 344928.96875
      }
    },
    {
      "type": "Feature",
      "geometry": {
        "type": "Point",
        "coordinates": [
          -2.267361568489897,
          53.001081978626836
        ]
      },
      "properties": {
        "source_sheet": "cherries",
        "tag": 2981,
        "square": "P8",
        "species": "Flowering Cherry",
        "latin_name": "Prunus avium 'Plena'",
        "easting": 382154.4375,
        "northing": 344895.9375
      }
    },
    {
      "type": "Feature",
      "geometry": {
        "type": "Point",
        "coordinates": [
          -2.267220927470203,
          53.00092891699994
        ]
      },
      "properties": {
        "source_sheet": "cherries",
        "tag": 2984,
        "square": "P8",
        "species": "Flowering Cherry",
        "latin_name": "Prunus avium 'Plena'",
        "easting": 382163.8125,
        "northing": 344878.875
      }
    },
    {
      "type": "Feature",
      "geometry": {
        "type": "Point",
        "coordinates": [
          -2.2696721230358796,
          53.001679032085086
        ]
      },
      "properties": {
        "source_sheet": "cherries",
        "tag": 3030,
        "square": "O8",
        "species": "Flowering Cherry",
        "latin_name": "Prunus avium 'Plena'",
        "easting": 381999.625,
        "northing": 344962.9375
      }
    },
    {
      "type": "Feature",
      "geometry": {
        "type": "Point",
        "coordinates": [
          -2.269608689837604,
          53.00173704395883
        ]
      },
      "properties": {
        "source_sheet": "cherries",
        "tag": 3031,
        "square": "O8",
        "species": "Flowering Cherry",
        "latin_name": "Prunus avium 'Plena'",
        "easting": 382003.90625,
        "northing": 344969.375
      }
    },
    {
      "type": "Feature",
      "geometry": {
        "type": "Point",
        "coordinates": [
          -2.273436663894906,
          53.004357071025744
        ]
      },
      "properties": {
        "source_sheet": "cherries",
        "tag": 3160,
        "square": "L5",
        "species": "Flowering Cherry",
        "latin_name": "Prunus avium 'Plena'",
        "easting": 381748.125,
        "northing": 345261.8125
      }
    },
    {
      "type": "Feature",
      "geometry": {
        "type": "Point",
        "coordinates": [
          -2.2733296128662226,
          53.00436602562584
        ]
      },
      "properties": {
        "source_sheet": "cherries",
        "tag": 3162,
        "square": "L5",
        "species": "Flowering Cherry",
        "latin_name": "Prunus avium 'Plena'",
        "easting": 381755.3125,
        "northing": 345262.78125
      }
    },
    {
      "type": "Feature",
      "geometry": {
        "type": "Point",
        "coordinates": [
          -2.2733554081416685,
          53.00439490022136
        ]
      },
      "properties": {
        "source_sheet": "cherries",
        "tag": 3163,
        "square": "L5",
        "species": "Flowering Cherry",
        "latin_name": "Prunus avium 'Plena'",
        "easting": 381753.59375,
        "northing": 345266.0
      }
    },
    {
      "type": "Feature",
      "geometry": {
        "type": "Point",
        "coordinates": [
          -2.273225525754654,
          53.004475539829535
        ]
      },
      "properties": {
        "source_sheet": "cherries",
        "tag": 3170,
        "square": "L5",
        "species": "Flowering Cherry",
        "latin_name": "Prunus 'Kanzan'",
        "easting": 381762.34375,
        "northing": 345274.9375
      }
    },
    {
      "type": "Feature",
      "geometry": {
        "type": "Point",
        "coordinates": [
          -2.2730865615018643,
          53.00444552082113
        ]
      },
      "properties": {
        "source_sheet": "cherries",
        "tag": 3180,
        "square": "L5",
        "species": "Flowering Cherry",
        "latin_name": "Prunus 'Kanzan'",
        "easting": 381771.65625,
        "northing": 345271.5625
      }
    },
    {
      "type": "Feature",
      "geometry": {
        "type": "Point",
        "coordinates": [
          -2.2727112365024036,
          53.00415311073203
        ]
      },
      "properties": {
        "source_sheet": "cherries",
        "tag": 3191,
        "square": "M6",
        "species": "Flowering Cherry",
        "latin_name": "Prunus avium 'Plena'",
        "easting": 381796.71875,
        "northing": 345238.9375
      }
    },
    {
      "type": "Feature",
      "geometry": {
        "type": "Point",
        "coordinates": [
          -2.2726336401456635,
          53.004106657416216
        ]
      },
      "properties": {
        "source_sheet": "cherries",
        "tag": 3192,
        "square": "M6",
        "species": "Flowering Cherry",
        "latin_name": "Prunus avium 'Plena'",
        "easting": 381801.90625,
        "northing": 345233.75
      }
    },
    {
      "type": "Feature",
      "geometry": {
        "type": "Point",
        "coordinates": [
          -2.272743656228161,
          53.00405106523149
        ]
      },
      "properties": {
        "source_sheet": "cherries",
        "tag": 3193,
        "square": "M6",
        "species": "Flowering Cherry",
        "latin_name": "Prunus avium 'Plena'",
        "easting": 381794.5,
        "northing": 345227.59375
      }
    },
    {
      "type": "Feature",
      "geometry": {
        "type": "Point",
        "coordinates": [
          -2.272570494063371,
          53.0040624181953
        ]
      },
      "properties": {
        "source_sheet": "cherries",
        "tag": 3194,
        "square": "M6",
        "species": "Flowering Cherry",
        "latin_name": "Prunus avium 'Plena'",
        "easting": 381806.125,
        "northing": 345228.8125
      }
    },
    {
      "type": "Feature",
      "geometry": {
        "type": "Point",
        "coordinates": [
          -2.272651156652861,
          53.00400436522599
        ]
      },
      "properties": {
        "source_sheet": "cherries",
        "tag": 3195,
        "square": "M6",
        "species": "Flowering Cherry",
        "latin_name": "Prunus avium 'Plena'",
        "easting": 381800.6875,
        "northing": 345222.375
      }
    },
    {
      "type": "Feature",
      "geometry": {
        "type": "Point",
        "coordinates": [
          -2.272532903570153,
          53.00400913113582
        ]
      },
      "properties": {
        "source_sheet": "cherries",
        "tag": 3196,
        "square": "M6",
        "species": "Flowering Cherry",
        "latin_name": "Prunus avium 'Plena'",
        "easting": 381808.625,
        "northing": 345222.875
      }
    },
    {
      "type": "Feature",
      "geometry": {
        "type": "Point",
        "coordinates": [
          -2.272577314360163,
          53.003962397850614
        ]
      },
      "properties": {
        "source_sheet": "cherries",
        "tag": 3197,
        "square": "M6",
        "species": "Flowering Cherry",
        "latin_name": "Prunus avium 'Plena'",
        "easting": 381805.625,
        "northing": 345217.6875
      }
    },
    {
      "type": "Feature",
      "geometry": {
        "type": "Point",
        "coordinates": [
          -2.2724562567150692,
          53.00396548464626
        ]
      },
      "properties": {
        "source_sheet": "cherries",
        "tag": 3198,
        "square": "M6",
        "species": "Flowering Cherry",
        "latin_name": "Prunus avium 'Plena'",
        "easting": 381813.75,
        "northing": 345218.0
      }
    },
    {
      "type": "Feature",
      "geometry": {
        "type": "Point",
        "coordinates": [
          -2.2725225595309424,
          53.003919543911884
        ]
      },
      "properties": {
        "source_sheet": "cherries",
        "tag": 3199,
        "square": "M6",
        "species": "Flowering Cherry",
        "latin_name": "Prunus avium 'Plena'",
        "easting": 381809.28125,
        "northing": 345212.90625
      }
    },
    {
      "type": "Feature",
      "geometry": {
        "type": "Point",
        "coordinates": [
          -2.2724737700448827,
          53.00386263066322
        ]
      },
      "properties": {
        "source_sheet": "cherries",
        "tag": 3209,
        "square": "M6",
        "species": "Flowering Cherry",
        "latin_name": "Prunus avium 'Plena'",
        "easting": 381812.53125,
        "northing": 345206.5625
      }
    },
    {
      "type": "Feature",
      "geometry": {
        "type": "Point",
        "coordinates": [
          -2.2724005157854026,
          53.00391392463852
        ]
      },
      "properties": {
        "source_sheet": "cherries",
        "tag": 3210,
        "square": "M6",
        "species": "Flowering Cherry",
        "latin_name": "Prunus avium 'Plena'",
        "easting": 381817.46875,
        "northing": 345212.25
      }
    },
    {
      "type": "Feature",
      "geometry": {
        "type": "Point",
        "coordinates": [
          -2.2723852230855037,
          53.0038518781312
        ]
      },
      "properties": {
        "source_sheet": "cherries",
        "tag": 3211,
        "square": "M6",
        "species": "Flowering Cherry",
        "latin_name": "Prunus avium 'Plena'",
        "easting": 381818.46875,
        "northing": 345205.34375
      }
    },
    {
      "type": "Feature",
      "geometry": {
        "type": "Point",
        "coordinates": [
          -2.272298706825361,
          53.00344369095269
        ]
      },
      "properties": {
        "source_sheet": "cherries",
        "tag": 3240,
        "square": "M6",
        "species": "Flowering Cherry",
        "latin_name": "Prunus avium 'Plena'",
        "easting": 381824.102,
        "northing": 345159.913
      }
    },
    {
      "type": "Feature",
      "geometry": {
        "type": "Point",
        "coordinates": [
          -2.2700265578012324,
          53.001541141896304
        ]
      },
      "properties": {
        "source_sheet": "cherries",
        "tag": 3379,
        "square": "N7",
        "species": "Flowering Cherry",
        "latin_name": "Prunus avium 'Plena'",
        "easting": 381975.78125,
        "northing": 344947.6875
      }
    },
    {
      "type": "Feature",
      "geometry": {
        "type": "Point",
        "coordinates": [
          -2.270102532811009,
          53.00147832577681
        ]
      },
      "properties": {
        "source_sheet": "cherries",
        "tag": 3380,
        "square": "N7",
        "species": "Flowering Cherry",
        "latin_name": "Prunus avium 'Plena'",
        "easting": 381970.65625,
        "northing": 344940.71875
      }
    },
    {
      "type": "Feature",
      "geometry": {
        "type": "Point",
        "coordinates": [
          -2.2703110230935613,
          53.00160763301641
        ]
      },
      "properties": {
        "source_sheet": "cherries",
        "tag": 3384,
        "square": "N7",
        "species": "Flowering Cherry",
        "latin_name": "Prunus avium 'Plena'",
        "easting": 381956.71875,
        "northing": 344955.15625
      }
    },
    {
      "type": "Feature",
      "geometry": {
        "type": "Point",
        "coordinates": [
          -2.270525606625021,
          53.00166866435761
        ]
      },
      "properties": {
        "source_sheet": "cherries",
        "tag": 3385,
        "square": "N7",
        "species": "Flowering Cherry",
        "latin_name": "Prunus avium",
        "easting": 381942.34375,
        "northing": 344962.0
      }
    },
    {
      "type": "Feature",
      "geometry": {
        "type": "Point",
        "coordinates": [
          -2.2704093545231827,
          53.00124784165668
        ]
      },
      "properties": {
        "source_sheet": "cherries",
        "tag": 3419,
        "square": "N8",
        "species": "Flowering Cherry",
        "latin_name": "Prunus avium 'Plena'",
        "easting": 381949.96875,
        "northing": 344915.15625
      }
    },
    {
      "type": "Feature",
      "geometry": {
        "type": "Point",
        "coordinates": [
          -2.270478909566009,
          53.00112661016849
        ]
      },
      "properties": {
        "source_sheet": "cherries",
        "tag": 3420,
        "square": "N8",
        "species": "Flowering Cherry",
        "latin_name": "Prunus avium 'Plena'",
        "easting": 381945.25,
        "northing": 344901.6875
      }
    },
    {
      "type": "Feature",
      "geometry": {
        "type": "Point",
        "coordinates": [
          -2.2717405402627926,
          53.00085939276967
        ]
      },
      "properties": {
        "source_sheet": "cherries",
        "tag": 3498,
        "square": "M9",
        "species": "Flowering Cherry",
        "latin_name": "Prunus avium 'Plena'",
        "easting": 381860.46875,
        "northing": 344872.28125
      }
    },
    {
      "type": "Feature",
      "geometry": {
        "type": "Point",
        "coordinates": [
          -2.2718691684700634,
          53.00087679596024
        ]
      },
      "properties": {
        "source_sheet": "cherries",
        "tag": 3499,
        "square": "M9",
        "species": "Flowering Cherry",
        "latin_name": "Prunus avium 'Plena'",
        "easting": 381851.84375,
        "northing": 344874.25
      }
    },
    {
      "type": "Feature",
      "geometry": {
        "type": "Point",
        "coordinates": [
          -2.2725794392321785,
          53.001862013026766
        ]
      },
      "properties": {
        "source_sheet": "cherries",
        "tag": 3526,
        "square": "L8",
        "species": "Flowering Cherry",
        "latin_name": "Prunus avium 'Plena'",
        "easting": 381804.59375,
        "northing": 344984.03125
      }
    },
    {
      "type": "Feature",
      "geometry": {
        "type": "Point",
        "coordinates": [
          -2.2717528323512926,
          53.002296511375114
        ]
      },
      "properties": {
        "source_sheet": "cherries",
        "tag": 3596,
        "square": "M7",
        "species": "Flowering Cherry",
        "latin_name": "Prunus avium",
        "easting": 381860.25,
        "northing": 345032.15625
      }
    },
    {
      "type": "Feature",
      "geometry": {
        "type": "Point",
        "coordinates": [
          -2.2732405437405756,
          53.00287290180827
        ]
      },
      "properties": {
        "source_sheet": "cherries",
        "tag": 3645,
        "square": "L7",
        "species": "Wild Cherry",
        "latin_name": "Prunus avium",
        "easting": 381760.65625,
        "northing": 345096.65625
      }
    },
    {
      "type": "Feature",
      "geometry": {
        "type": "Point",
        "coordinates": [
          -2.2733279085772486,
          53.00291792770273
        ]
      },
      "properties": {
        "source_sheet": "cherries",
        "tag": 3646,
        "square": "L7",
        "species": "Wild Cherry",
        "latin_name": "Prunus avium",
        "easting": 381754.8125,
        "northing": 345101.6875
      }
    },
    {
      "type": "Feature",
      "geometry": {
        "type": "Point",
        "coordinates": [
          -2.2733651264206687,
          53.00283862485328
        ]
      },
      "properties": {
        "source_sheet": "cherries",
        "tag": 3647,
        "square": "L7",
        "species": "Wild Cherry",
        "latin_name": "Prunus avium",
        "easting": 381752.28125,
        "northing": 345092.875
      }
    },
    {
      "type": "Feature",
      "geometry": {
        "type": "Point",
        "coordinates": [
          -2.2732763593936713,
          53.002792759474545
        ]
      },
      "properties": {
        "source_sheet": "cherries",
        "tag": 3648,
        "square": "L7",
        "species": "Wild Cherry",
        "latin_name": "Prunus avium",
        "easting": 381758.21875,
        "northing": 345087.75
      }
    },
    {
      "type": "Feature",
      "geometry": {
        "type": "Point",
        "coordinates": [
          -2.2738296638651394,
          53.00148355844441
        ]
      },
      "properties": {
        "source_sheet": "cherries",
        "tag": 3684,
        "square": "K8",
        "species": "Flowering Cherry",
        "latin_name": "Prunus avium 'Plena'",
        "easting": 381720.53125,
        "northing": 344942.25
      }
    },
    {
      "type": "Feature",
      "geometry": {
        "type": "Point",
        "coordinates": [
          -2.274556518550645,
          53.001405191907814
        ]
      },
      "properties": {
        "source_sheet": "cherries",
        "tag": 3698,
        "square": "K8",
        "species": "Flowering Cherry",
        "latin_name": "Prunus avium 'Plena'",
        "easting": 381671.71875,
        "northing": 344933.71875
      }
    },
    {
      "type": "Feature",
      "geometry": {
        "type": "Point",
        "coordinates": [
          -2.274649574754427,
          53.00139345942232
        ]
      },
      "properties": {
        "source_sheet": "cherries",
        "tag": 3701,
        "square": "K8",
        "species": "Flowering Cherry",
        "latin_name": "Prunus avium 'Plena'",
        "easting": 381665.46875,
        "northing": 344932.4375
      }
    },
    {
      "type": "Feature",
      "geometry": {
        "type": "Point",
        "coordinates": [
          -2.2746140535950112,
          53.00144607211538
        ]
      },
      "properties": {
        "source_sheet": "cherries",
        "tag": 3702,
        "square": "K8",
        "species": "Flowering Cherry",
        "latin_name": "Prunus avium 'Plena'",
        "easting": 381667.875,
        "northing": 344938.28125
      }
    },
    {
      "type": "Feature",
      "geometry": {
        "type": "Point",
        "coordinates": [
          -2.274708938548841,
          53.0014289980246
        ]
      },
      "properties": {
        "source_sheet": "cherries",
        "tag": 3703,
        "square": "K8",
        "species": "Flowering Cherry",
        "latin_name": "Prunus avium 'Plena'",
        "easting": 381661.5,
        "northing": 344936.40625
      }
    },
    {
      "type": "Feature",
      "geometry": {
        "type": "Point",
        "coordinates": [
          -2.274732368834029,
          53.00137894147276
        ]
      },
      "properties": {
        "source_sheet": "cherries",
        "tag": 3706,
        "square": "K8",
        "species": "Flowering Cherry",
        "latin_name": "Prunus avium 'Plena'",
        "easting": 381659.90625,
        "northing": 344930.84375
      }
    },
    {
      "type": "Feature",
      "geometry": {
        "type": "Point",
        "coordinates": [
          -2.2748346896506164,
          53.0013596027884
        ]
      },
      "properties": {
        "source_sheet": "cherries",
        "tag": 3708,
        "square": "K8",
        "species": "Flowering Cherry",
        "latin_name": "Prunus avium 'Plena'",
        "easting": 381653.03125,
        "northing": 344928.71875
      }
    },
    {
      "type": "Feature",
      "geometry": {
        "type": "Point",
        "coordinates": [
          -2.275072028086725,
          53.00133686145326
        ]
      },
      "properties": {
        "source_sheet": "cherries",
        "tag": 3716,
        "square": "K8",
        "species": "Flowering Cherry",
        "latin_name": "Prunus avium 'Plena'",
        "easting": 381637.09375,
        "northing": 344926.25
      }
    },
    {
      "type": "Feature",
      "geometry": {
        "type": "Point",
        "coordinates": [
          -2.2753161578179935,
          53.001503157825674
        ]
      },
      "properties": {
        "source_sheet": "cherries",
        "tag": 3723,
        "square": "K8",
        "species": "Flowering Cherry",
        "latin_name": "Prunus avium 'Plena'",
        "easting": 381620.78125,
        "northing": 344944.8125
      }
    },
    {
      "type": "Feature",
      "geometry": {
        "type": "Point",
        "coordinates": [
          -2.2753361931971523,
          53.00150507778069
        ]
      },
      "properties": {
        "source_sheet": "cherries",
        "tag": 3724,
        "square": "K8",
        "species": "Flowering Cherry",
        "latin_name": "Prunus avium 'Plena'",
        "easting": 381619.4375,
        "northing": 344945.03125
      }
    },
    {
      "type": "Feature",
      "geometry": {
        "type": "Point",
        "coordinates": [
          -2.275330082533237,
          53.001496102751375
        ]
      },
      "properties": {
        "source_sheet": "cherries",
        "tag": 3725,
        "square": "K8",
        "species": "Flowering Cherry",
        "latin_name": "Prunus avium 'Plena'",
        "easting": 381619.84375,
        "northing": 344944.03125
      }
    },
    {
      "type": "Feature",
      "geometry": {
        "type": "Point",
        "coordinates": [
          -2.275348310043898,
          53.00136037991016
        ]
      },
      "properties": {
        "source_sheet": "cherries",
        "tag": 3726,
        "square": "K8",
        "species": "Flowering Cherry",
        "latin_name": "Prunus avium 'Plena'",
        "easting": 381618.5625,
        "northing": 344928.9375
      }
    },
    {
      "type": "Feature",
      "geometry": {
        "type": "Point",
        "coordinates": [
          -2.275171692433675,
          53.00133915886961
        ]
      },
      "properties": {
        "source_sheet": "cherries",
        "tag": 3727,
        "square": "K8",
        "species": "Flowering Cherry",
        "latin_name": "Prunus avium 'Plena'",
        "easting": 381630.40625,
        "northing": 344926.53125
      }
    },
    {
      "type": "Feature",
      "geometry": {
        "type": "Point",
        "coordinates": [
          -2.274092585833395,
          53.00204393380029
        ]
      },
      "properties": {
        "source_sheet": "cherries",
        "tag": 3745,
        "square": "L7",
        "species": "Flowering Cherry",
        "latin_name": "Prunus Kanzan",
        "easting": 381703.125,
        "northing": 345004.65625
      }
    },
    {
      "type": "Feature",
      "geometry": {
        "type": "Point",
        "coordinates": [
          -2.273729237211582,
          53.002022860354366
        ]
      },
      "properties": {
        "source_sheet": "cherries",
        "tag": 3746,
        "square": "L7",
        "species": "Flowering Cherry",
        "latin_name": "Prunus Kanzan",
        "easting": 381727.5,
        "northing": 345002.21875
      }
    },
    {
      "type": "Feature",
      "geometry": {
        "type": "Point",
        "coordinates": [
          -2.2760244703530166,
          53.001657139680155
        ]
      },
      "properties": {
        "source_sheet": "cherries",
        "tag": 3748,
        "square": "J8",
        "species": "Flowering Cherry",
        "latin_name": "Prunus avium 'Plena'",
        "easting": 381573.3125,
        "northing": 344962.125
      }
    },
    {
      "type": "Feature",
      "geometry": {
        "type": "Point",
        "coordinates": [
          -2.27716729048606,
          53.001963201599
        ]
      },
      "properties": {
        "source_sheet": "cherries",
        "tag": 3780,
        "square": "J7",
        "species": "Flowering Cherry",
        "latin_name": "Prunus avium 'Plena'",
        "easting": 381496.75,
        "northing": 344996.46875
      }
    },
    {
      "type": "Feature",
      "geometry": {
        "type": "Point",
        "coordinates": [
          -2.2769021832721323,
          53.002885492616024
        ]
      },
      "properties": {
        "source_sheet": "cherries",
        "tag": 3816,
        "square": "J6",
        "species": "Flowering Cherry",
        "latin_name": "Prunus sp",
        "easting": 381514.9375,
        "northing": 345099.0
      }
    },
    {
      "type": "Feature",
      "geometry": {
        "type": "Point",
        "coordinates": [
          -2.276921649679516,
          53.002943876972736
        ]
      },
      "properties": {
        "source_sheet": "cherries",
        "tag": 3817,
        "square": "J6",
        "species": "Flowering Cherry",
        "latin_name": "Prunus avium 'Plena'",
        "easting": 381513.65625,
        "northing": 345105.5
      }
    },
    {
      "type": "Feature",
      "geometry": {
        "type": "Point",
        "coordinates": [
          -2.276487230958529,
          53.00324321741771
        ]
      },
      "properties": {
        "source_sheet": "cherries",
        "tag": 3822,
        "square": "J6",
        "species": "Flowering Cherry",
        "latin_name": "Prunus avium 'Plena'",
        "easting": 381542.9375,
        "northing": 345138.6875
      }
    },
    {
      "type": "Feature",
      "geometry": {
        "type": "Point",
        "coordinates": [
          -2.273843730808509,
          53.00407213137509
        ]
      },
      "properties": {
        "source_sheet": "cherries",
        "tag": 3854,
        "square": "L6",
        "species": "Flowering Cherry",
        "latin_name": "Prunus avium 'Plena'",
        "easting": 381720.6875,
        "northing": 345230.21875
      }
    },
    {
      "type": "Feature",
      "geometry": {
        "type": "Point",
        "coordinates": [
          -2.276573496392117,
          53.00369809427357
        ]
      },
      "properties": {
        "source_sheet": "cherries",
        "tag": 3873,
        "square": "J6",
        "species": "Flowering Cherry",
        "latin_name": "Prunus 'Tai-haku'",
        "easting": 381537.34375,
        "northing": 345189.3125
      }
    },
    {
      "type": "Feature",
      "geometry": {
        "type": "Point",
        "coordinates": [
          -2.2764743375337426,
          53.00363006341664
        ]
      },
      "properties": {
        "source_sheet": "cherries",
        "tag": 3874,
        "square": "J6",
        "species": "Flowering Cherry",
        "latin_name": "Prunus Kanzan",
        "easting": 381543.96875,
        "northing": 345181.71875
      }
    },
    {
      "type": "Feature",
      "geometry": {
        "type": "Point",
        "coordinates": [
          -2.276385413625636,
          53.00370611658214
        ]
      },
      "properties": {
        "source_sheet": "cherries",
        "tag": 3876,
        "square": "J6",
        "species": "Flowering Cherry",
        "latin_name": "Prunus 'Kanzan'",
        "easting": 381549.96875,
        "northing": 345190.15625
      }
    },
    {
      "type": "Feature",
      "geometry": {
        "type": "Point",
        "coordinates": [
          -2.2760749804223543,
          53.003660487832825
        ]
      },
      "properties": {
        "source_sheet": "cherries",
        "tag": 3878,
        "square": "J6",
        "species": "Flowering Cherry",
        "latin_name": "Prunus 'Tai-haku'",
        "easting": 381570.78125,
        "northing": 345185.0
      }
    },
    {
      "type": "Feature",
      "geometry": {
        "type": "Point",
        "coordinates": [
          -2.275668438786081,
          53.003864227871624
        ]
      },
      "properties": {
        "source_sheet": "cherries",
        "tag": 3879,
        "square": "J6",
        "species": "Flowering Cherry",
        "latin_name": "Prunus 'Takasago'",
        "easting": 381598.15,
        "northing": 345207.56
      }
    },
    {
      "type": "Feature",
      "geometry": {
        "type": "Point",
        "coordinates": [
          -2.2763320875427477,
          53.00396893838469
        ]
      },
      "properties": {
        "source_sheet": "cherries",
        "tag": 3880,
        "square": "J6",
        "species": "Flowering Cherry",
        "latin_name": "Prunus sp",
        "easting": 381553.66,
        "northing": 345219.38
      }
    },
    {
      "type": "Feature",
      "geometry": {
        "type": "Point",
        "coordinates": [
          -2.2751816697426985,
          53.00410959250611
        ]
      },
      "properties": {
        "source_sheet": "cherries",
        "tag": 3881,
        "square": "J6",
        "species": "Flowering Cherry",
        "latin_name": "Prunus 'Kanzan'",
        "easting": 381630.92,
        "northing": 345234.73
      }
    },
    {
      "type": "Feature",
      "geometry": {
        "type": "Point",
        "coordinates": [
          -2.2770084788204175,
          53.0037128793972
        ]
      },
      "properties": {
        "source_sheet": "cherries",
        "tag": 3882,
        "square": "K6",
        "species": "Flowering Cherry",
        "latin_name": "Prunus 'Takasago'",
        "easting": 381508.16,
        "northing": 345191.07
      }
    },
    {
      "type": "Feature",
      "geometry": {
        "type": "Point",
        "coordinates": [
          -2.2804595121911384,
          53.0023951032312
        ]
      },
      "properties": {
        "source_sheet": "cherries",
        "tag": 6023,
        "square": "G7",
        "species": "Flowering Cherry",
        "latin_name": "Prunus sp",
        "easting": 381276.0,
        "northing": 345045.375
      }
    },
    {
      "type": "Feature",
      "geometry": {
        "type": "Point",
        "coordinates": [
          -2.280450629061521,
          53.002461419478806
        ]
      },
      "properties": {
        "source_sheet": "cherries",
        "tag": 6024,
        "square": "G7",
        "species": "Flowering Cherry",
        "latin_name": "Prunus 'Tai-haku'",
        "easting": 381276.625,
        "northing": 345052.75
      }
    },
    {
      "type": "Feature",
      "geometry": {
        "type": "Point",
        "coordinates": [
          -2.2781318091314238,
          53.00176739905543
        ]
      },
      "properties": {
        "source_sheet": "cherries",
        "tag": 6372,
        "square": "I8",
        "species": "Flowering Cherry",
        "latin_name": "Prunus 'Tai-haku'",
        "easting": 381431.9375,
        "northing": 344974.9375
      }
    },
    {
      "type": "Feature",
      "geometry": {
        "type": "Point",
        "coordinates": [
          -2.2780922130621986,
          53.00183743888442
        ]
      },
      "properties": {
        "source_sheet": "cherries",
        "tag": 6373,
        "square": "I8",
        "species": "Flowering Cherry",
        "latin_name": "Prunus 'Kanzan'",
        "easting": 381434.625,
        "northing": 344982.71875
      }
    },
    {
      "type": "Feature",
      "geometry": {
        "type": "Point",
        "coordinates": [
          -2.2766783936178543,
          52.99978727122571
        ]
      },
      "properties": {
        "source_sheet": "cherries",
        "tag": 6439,
        "square": "J11",
        "species": "Flowering Cherry",
        "latin_name": "Prunus Kanzan",
        "easting": 381528.625,
        "northing": 344754.28125
      }
    },
    {
      "type": "Feature",
      "geometry": {
        "type": "Point",
        "coordinates": [
          -2.2751989637324366,
          52.999624688204875
        ]
      },
      "properties": {
        "source_sheet": "cherries",
        "tag": 6450,
        "square": "K10",
        "species": "Flowering Cherry",
        "latin_name": "Prunus avium 'Plena'",
        "easting": 381627.84375,
        "northing": 344735.8125
      }
    },
    {
      "type": "Feature",
      "geometry": {
        "type": "Point",
        "coordinates": [
          -2.2751048234534648,
          53.00012408736277
        ]
      },
      "properties": {
        "source_sheet": "cherries",
        "tag": 6460,
        "square": "K10",
        "species": "Flowering Cherry",
        "latin_name": "Prunus Ukon",
        "easting": 381634.375,
        "northing": 344791.34375
      }
    },
    {
      "type": "Feature",
      "geometry": {
        "type": "Point",
        "coordinates": [
          -2.274766847867276,
          53.00035634120264
        ]
      },
      "properties": {
        "source_sheet": "cherries",
        "tag": 6462,
        "square": "K9",
        "species": "Flowering Cherry",
        "latin_name": "Prunus Ukon",
        "easting": 381657.15625,
        "northing": 344817.09375
      }
    },
    {
      "type": "Feature",
      "geometry": {
        "type": "Point",
        "coordinates": [
          -2.2747442287611617,
          53.000607248154644
        ]
      },
      "properties": {
        "source_sheet": "cherries",
        "tag": 6469,
        "square": "K9",
        "species": "Flowering Cherry",
        "latin_name": "Prunus sp",
        "easting": 381658.78125,
        "northing": 344845.0
      }
    },
    {
      "type": "Feature",
      "geometry": {
        "type": "Point",
        "coordinates": [
          -2.27482499843002,
          53.00064077081291
        ]
      },
      "properties": {
        "source_sheet": "cherries",
        "tag": 6470,
        "square": "K9",
        "species": "Flowering Cherry",
        "latin_name": "Prunus sp",
        "easting": 381653.375,
        "northing": 344848.75
      }
    },
    {
      "type": "Feature",
      "geometry": {
        "type": "Point",
        "coordinates": [
          -2.2744690653288746,
          53.00053906066504
        ]
      },
      "properties": {
        "source_sheet": "cherries",
        "tag": 6509,
        "square": "K9",
        "species": "Flowering Cherry",
        "latin_name": "Prunus avium",
        "easting": 381677.21875,
        "northing": 344837.34375
      }
    },
    {
      "type": "Feature",
      "geometry": {
        "type": "Point",
        "coordinates": [
          -2.2745646708535268,
          53.00056243638397
        ]
      },
      "properties": {
        "source_sheet": "cherries",
        "tag": 6511,
        "square": "K9",
        "species": "Flowering Cherry",
        "latin_name": "Prunus avium",
        "easting": 381670.8125,
        "northing": 344839.96875
      }
    },
    {
      "type": "Feature",
      "geometry": {
        "type": "Point",
        "coordinates": [
          -2.2745340869232993,
          53.00051250468047
        ]
      },
      "properties": {
        "source_sheet": "cherries",
        "tag": 6513,
        "square": "K9",
        "species": "Flowering Cherry",
        "latin_name": "Prunus avium",
        "easting": 381672.84375,
        "northing": 344834.40625
      }
    },
    {
      "type": "Feature",
      "geometry": {
        "type": "Point",
        "coordinates": [
          -2.2726183385124816,
          52.99983373753099
        ]
      },
      "properties": {
        "source_sheet": "cherries",
        "tag": 6584,
        "square": "M10",
        "species": "Flowering Cherry",
        "latin_name": "Prunus avium 'Plena'",
        "easting": 381801.125,
        "northing": 344758.40625
      }
    },
    {
      "type": "Feature",
      "geometry": {
        "type": "Point",
        "coordinates": [
          -2.272555584766072,
          52.9999246161773
        ]
      },
      "properties": {
        "source_sheet": "cherries",
        "tag": 6586,
        "square": "M10",
        "species": "Flowering Cherry",
        "latin_name": "Prunus Kanzan",
        "easting": 381805.375,
        "northing": 344768.5
      }
    },
    {
      "type": "Feature",
      "geometry": {
        "type": "Point",
        "coordinates": [
          -2.274207936424502,
          53.000627870093034
        ]
      },
      "properties": {
        "source_sheet": "cherries",
        "tag": 6588,
        "square": "K9",
        "species": "Flowering Cherry",
        "latin_name": "Prunus Kanzan",
        "easting": 381694.78125,
        "northing": 344847.15625
      }
    },
    {
      "type": "Feature",
      "geometry": {
        "type": "Point",
        "coordinates": [
          -2.2742451518679268,
          53.00062216594762
        ]
      },
      "properties": {
        "source_sheet": "cherries",
        "tag": 6590,
        "square": "K9",
        "species": "Flowering Cherry",
        "latin_name": "Prunus Kanzan",
        "easting": 381692.28125,
        "northing": 344846.53125
      }
    },
    {
      "type": "Feature",
      "geometry": {
        "type": "Point",
        "coordinates": [
          -2.286930046281092,
          53.005501710910394
        ]
      },
      "properties": {
        "source_sheet": "cherries",
        "tag": 6601,
        "square": "B4",
        "species": "Flowering Cherry",
        "latin_name": "Prunus sp",
        "easting": 380843.15625,
        "northing": 345392.6875
      }
    },
    {
      "type": "Feature",
      "geometry": {
        "type": "Point",
        "coordinates": [
          -2.2868809045983296,
          53.00546503008807
        ]
      },
      "properties": {
        "source_sheet": "cherries",
        "tag": 6603,
        "square": "B4",
        "species": "Flowering Cherry",
        "latin_name": "Prunus sp",
        "easting": 380846.4375,
        "northing": 345388.59375
      }
    },
    {
      "type": "Feature",
      "geometry": {
        "type": "Point",
        "coordinates": [
          -2.286850585474908,
          53.00524711549848
        ]
      },
      "properties": {
        "source_sheet": "cherries",
        "tag": 6607,
        "square": "B4",
        "species": "Flowering Cherry",
        "latin_name": "Prunus sp",
        "easting": 380848.375,
        "northing": 345364.34375
      }
    },
    {
      "type": "Feature",
      "geometry": {
        "type": "Point",
        "coordinates": [
          -2.286866079620171,
          53.005195952087185
        ]
      },
      "properties": {
        "source_sheet": "cherries",
        "tag": 6608,
        "square": "B4",
        "species": "Flowering Cherry",
        "latin_name": "Prunus sp",
        "easting": 380847.3125,
        "northing": 345358.65625
      }
    },
    {
      "type": "Feature",
      "geometry": {
        "type": "Point",
        "coordinates": [
          -2.2869434153767854,
          53.00520054085056
        ]
      },
      "properties": {
        "source_sheet": "cherries",
        "tag": 6609,
        "square": "B4",
        "species": "Flowering Cherry",
        "latin_name": "Prunus sp",
        "easting": 380842.125,
        "northing": 345359.1875
      }
    },
    {
      "type": "Feature",
      "geometry": {
        "type": "Point",
        "coordinates": [
          -2.286884423769748,
          53.005153209155345
        ]
      },
      "properties": {
        "source_sheet": "cherries",
        "tag": 6610,
        "square": "B4",
        "species": "Flowering Cherry",
        "latin_name": "Prunus sp",
        "easting": 380846.0625,
        "northing": 345353.90625
      }
    },
    {
      "type": "Feature",
      "geometry": {
        "type": "Point",
        "coordinates": [
          -2.288336089884607,
          53.00460922026009
        ]
      },
      "properties": {
        "source_sheet": "cherries",
        "tag": 6621,
        "square": "B4",
        "species": "Flowering Cherry",
        "latin_name": "Prunus sp",
        "easting": 380748.40625,
        "northing": 345293.78125
      }
    },
    {
      "type": "Feature",
      "geometry": {
        "type": "Point",
        "coordinates": [
          -2.288555986540099,
          53.00483229248919
        ]
      },
      "properties": {
        "source_sheet": "cherries",
        "tag": 6623,
        "square": "B4",
        "species": "Flowering Cherry",
        "latin_name": "Prunus sp",
        "easting": 380733.75,
        "northing": 345318.65625
      }
    },
    {
      "type": "Feature",
      "geometry": {
        "type": "Point",
        "coordinates": [
          -2.289587901016037,
          53.00635344919323
        ]
      },
      "properties": {
        "source_sheet": "cherries",
        "tag": 6719,
        "square": "B4",
        "species": "Flowering Cherry",
        "latin_name": "Prunus sp",
        "easting": 380665.1875,
        "northing": 345488.15625
      }
    },
    {
      "type": "Feature",
      "geometry": {
        "type": "Point",
        "coordinates": [
          -2.289563407096145,
          53.00638160009528
        ]
      },
      "properties": {
        "source_sheet": "cherries",
        "tag": 6720,
        "square": "B4",
        "species": "Flowering Cherry",
        "latin_name": "Prunus sp",
        "easting": 380666.84375,
        "northing": 345491.28125
      }
    },
    {
      "type": "Feature",
      "geometry": {
        "type": "Point",
        "coordinates": [
          -2.2877941800390733,
          53.00610105374995
        ]
      },
      "properties": {
        "source_sheet": "cherries",
        "tag": 6760,
        "square": "B4",
        "species": "Flowering Cherry",
        "latin_name": "Prunus sp",
        "easting": 380785.4375,
        "northing": 345459.59375
      }
    },
    {
      "type": "Feature",
      "geometry": {
        "type": "Point",
        "coordinates": [
          -2.287570705355188,
          53.006110584016504
        ]
      },
      "properties": {
        "source_sheet": "cherries",
        "tag": 6762,
        "square": "B4",
        "species": "Flowering Cherry",
        "latin_name": "Prunus sp",
        "easting": 380800.4375,
        "northing": 345460.59375
      }
    },
    {
      "type": "Feature",
      "geometry": {
        "type": "Point",
        "coordinates": [
          -2.2876450006644986,
          53.005937924163895
        ]
      },
      "properties": {
        "source_sheet": "cherries",
        "tag": 6765,
        "square": "B4",
        "species": "Flowering Cherry",
        "latin_name": "Prunus sp",
        "easting": 380795.375,
        "northing": 345441.40625
      }
    },
    {
      "type": "Feature",
      "geometry": {
        "type": "Point",
        "coordinates": [
          -2.287771559603936,
          53.00578114967861
        ]
      },
      "properties": {
        "source_sheet": "cherries",
        "tag": 6766,
        "square": "B4",
        "species": "Flowering Cherry",
        "latin_name": "Prunus sp",
        "easting": 380786.8125,
        "northing": 345424.0
      }
    },
    {
      "type": "Feature",
      "geometry": {
        "type": "Point",
        "coordinates": [
          -2.287532711208365,
          53.00578959346137
        ]
      },
      "properties": {
        "source_sheet": "cherries",
        "tag": 6768,
        "square": "B4",
        "species": "Flowering Cherry",
        "latin_name": "Prunus sp",
        "easting": 380802.84375,
        "northing": 345424.875
      }
    },
    {
      "type": "Feature",
      "geometry": {
        "type": "Point",
        "coordinates": [
          -2.287547412077835,
          53.00568927226939
        ]
      },
      "properties": {
        "source_sheet": "cherries",
        "tag": 6769,
        "square": "B4",
        "species": "Flowering Cherry",
        "latin_name": "Prunus sp",
        "easting": 380801.8125,
        "northing": 345413.71875
      }
    },
    {
      "type": "Feature",
      "geometry": {
        "type": "Point",
        "coordinates": [
          -2.2880967611226413,
          53.00636156869071
        ]
      },
      "properties": {
        "source_sheet": "cherries",
        "tag": 6810,
        "square": "B4",
        "species": "Flowering Cherry",
        "latin_name": "Prunus sp",
        "easting": 380765.25,
        "northing": 345488.65625
      }
    },
    {
      "type": "Feature",
      "geometry": {
        "type": "Point",
        "coordinates": [
          -2.2728110549051674,
          52.99941256271376
        ]
      },
      "properties": {
        "source_sheet": "cherries",
        "tag": 6900,
        "square": "L10",
        "species": "Flowering Cherry",
        "latin_name": "Prunus avium 'Plena'",
        "easting": 381788.013,
        "northing": 344711.602
      }
    },
    {
      "type": "Feature",
      "geometry": {
        "type": "Point",
        "coordinates": [
          -2.2727466617878793,
          52.99945362038222
        ]
      },
      "properties": {
        "source_sheet": "cherries",
        "tag": 6901,
        "square": "L10",
        "species": "Flowering Cherry",
        "latin_name": "Prunus avium 'Plena'",
        "easting": 381792.352,
        "northing": 344716.153
      }
    },
    {
      "type": "Feature",
      "geometry": {
        "type": "Point",
        "coordinates": [
          -2.272832443634225,
          52.999453800961234
        ]
      },
      "properties": {
        "source_sheet": "cherries",
        "tag": 6902,
        "square": "L10",
        "species": "Flowering Cherry",
        "latin_name": "Prunus avium 'Plena'",
        "easting": 381786.595,
        "northing": 344716.195
      }
    },
    {
      "type": "Feature",
      "geometry": {
        "type": "Point",
        "coordinates": [
          -2.272718507919599,
          52.99898942013256
        ]
      },
      "properties": {
        "source_sheet": "cherries",
        "tag": 6903,
        "square": "L11",
        "species": "Flowering Cherry",
        "latin_name": "Prunus Kanzan",
        "easting": 381794.045,
        "northing": 344664.506
      }
    },
    {
      "type": "Feature",
      "geometry": {
        "type": "Point",
        "coordinates": [
          -2.2727482075027554,
          52.9989474892755
        ]
      },
      "properties": {
        "source_sheet": "cherries",
        "tag": 6904,
        "square": "L11",
        "species": "Flowering Cherry",
        "latin_name": "Prunus Kanzan",
        "easting": 381792.034,
        "northing": 344659.849
      }
    },
    {
      "type": "Feature",
      "geometry": {
        "type": "Point",
        "coordinates": [
          -2.272631565854625,
          52.998956323706516
        ]
      },
      "properties": {
        "source_sheet": "cherries",
        "tag": 6905,
        "square": "L11",
        "species": "Flowering Cherry",
        "latin_name": "Prunus Kanzan",
        "easting": 381799.866,
        "northing": 344660.802
      }
    },
    {
      "type": "Feature",
      "geometry": {
        "type": "Point",
        "coordinates": [
          -2.2725887841235646,
          52.9989250226207
        ]
      },
      "properties": {
        "source_sheet": "cherries",
        "tag": 6906,
        "square": "L11",
        "species": "Flowering Cherry",
        "latin_name": "Prunus Kanzan",
        "easting": 381802.724,
        "northing": 344657.309
      }
    },
    {
      "type": "Feature",
      "geometry": {
        "type": "Point",
        "coordinates": [
          -2.272770415584479,
          52.998906079006225
        ]
      },
      "properties": {
        "source_sheet": "cherries",
        "tag": 6908,
        "square": "L11",
        "species": "Flowering Cherry",
        "latin_name": "Prunus Kanzan",
        "easting": 381790.526,
        "northing": 344655.248
      }
    },
    {
      "type": "Feature",
      "geometry": {
        "type": "Point",
        "coordinates": [
          -2.2718579511743946,
          52.99887054624486
        ]
      },
      "properties": {
        "source_sheet": "cherries",
        "tag": 7503,
        "square": "M11",
        "species": "Flowering Cherry",
        "latin_name": "Prunus avium 'Plena'",
        "easting": 381851.75,
        "northing": 344651.0625
      }
    },
    {
      "type": "Feature",
      "geometry": {
        "type": "Point",
        "coordinates": [
          -2.271903324223331,
          52.99973580957417
        ]
      },
      "properties": {
        "source_sheet": "cherries",
        "tag": 7525,
        "square": "M10",
        "species": "Flowering Cherry",
        "latin_name": "Prunus avium",
        "memorial_commemorative": "Memorial : Prof. the Reverend Dr Bernard Moss",
        "easting": 381849.07,
        "northing": 344747.33
      }
    },
    {
      "type": "Feature",
      "geometry": {
        "type": "Point",
        "coordinates": [
          -2.2716984812994667,
          52.99987208244343
        ]
      },
      "properties": {
        "source_sheet": "cherries",
        "tag": 7527,
        "square": "M10",
        "species": "Flowering Cherry",
        "latin_name": "Prunus avium",
        "easting": 381862.875,
        "northing": 344762.4375
      }
    },
    {
      "type": "Feature",
      "geometry": {
        "type": "Point",
        "coordinates": [
          -2.2694424105141056,
          52.999040663841946
        ]
      },
      "properties": {
        "source_sheet": "cherries",
        "tag": 7553,
        "square": "N11",
        "species": "Flowering Cherry",
        "latin_name": "Prunus Kanzan",
        "easting": 382013.9375,
        "northing": 344669.375
      }
    },
    {
      "type": "Feature",
      "geometry": {
        "type": "Point",
        "coordinates": [
          -2.269395382734523,
          52.99904077049176
        ]
      },
      "properties": {
        "source_sheet": "cherries",
        "tag": 7554,
        "square": "N11",
        "species": "Flowering Cherry",
        "latin_name": "Prunus Kanzan",
        "easting": 382017.09375,
        "northing": 344669.375
      }
    },
    {
      "type": "Feature",
      "geometry": {
        "type": "Point",
        "coordinates": [
          -2.2694137029987433,
          52.99906657287755
        ]
      },
      "properties": {
        "source_sheet": "cherries",
        "tag": 7555,
        "square": "N11",
        "species": "Flowering Cherry",
        "latin_name": "Prunus avium",
        "easting": 382015.875,
        "northing": 344672.25
      }
    },
    {
      "type": "Feature",
      "geometry": {
        "type": "Point",
        "coordinates": [
          -2.2693731553973193,
          52.99906048475259
        ]
      },
      "properties": {
        "source_sheet": "cherries",
        "tag": 7556,
        "square": "N11",
        "species": "Flowering Cherry",
        "latin_name": "Prunus Kanzan",
        "easting": 382018.59375,
        "northing": 344671.5625
      }
    },
    {
      "type": "Feature",
      "geometry": {
        "type": "Point",
        "coordinates": [
          -2.2692399462464805,
          52.99965238796197
        ]
      },
      "properties": {
        "source_sheet": "cherries",
        "tag": 7569,
        "square": "O10",
        "species": "Flowering Cherry",
        "latin_name": "Prunus sp",
        "easting": 382027.78125,
        "northing": 344737.375
      }
    },
    {
      "type": "Feature",
      "geometry": {
        "type": "Point",
        "coordinates": [
          -2.2693917882812573,
          52.999659628378595
        ]
      },
      "properties": {
        "source_sheet": "cherries",
        "tag": 7574,
        "square": "O10",
        "species": "Flowering Cherry",
        "latin_name": "Prunus 'Tai-haku'",
        "easting": 382017.59375,
        "northing": 344738.21875
      }
    },
    {
      "type": "Feature",
      "geometry": {
        "type": "Point",
        "coordinates": [
          -2.2694599975799448,
          52.99969599228363
        ]
      },
      "properties": {
        "source_sheet": "cherries",
        "tag": 7575,
        "square": "O10",
        "species": "Flowering Cherry",
        "latin_name": "Prunus 'Tai-haku'",
        "easting": 382013.03125,
        "northing": 344742.28125
      }
    },
    {
      "type": "Feature",
      "geometry": {
        "type": "Point",
        "coordinates": [
          -2.269486615445121,
          52.999708292047
        ]
      },
      "properties": {
        "source_sheet": "cherries",
        "tag": 7576,
        "square": "O10",
        "species": "Flowering Cherry",
        "latin_name": "Prunus 'Tai-haku'",
        "easting": 382011.25,
        "northing": 344743.65625
      }
    },
    {
      "type": "Feature",
      "geometry": {
        "type": "Point",
        "coordinates": [
          -2.2695572090849394,
          52.99975363967973
        ]
      },
      "properties": {
        "source_sheet": "cherries",
        "tag": 7577,
        "square": "O10",
        "species": "Flowering Cherry",
        "latin_name": "Prunus sp",
        "easting": 382006.53125,
        "northing": 344748.71875
      }
    },
    {
      "type": "Feature",
      "geometry": {
        "type": "Point",
        "coordinates": [
          -2.2716542245198825,
          52.999575203197615
        ]
      },
      "properties": {
        "source_sheet": "cherries",
        "tag": 7851,
        "square": "M10",
        "species": "Flowering Cherry",
        "latin_name": "Prunus sp",
        "easting": 381865.72,
        "northing": 344729.4
      }
    }
  ]
}